feature	Enterococcus	Streptococcus	Bifidobacterium	Rothia	Actinomyces	Lacticaseibacillus	Staphylococcus	Veillonella	Phocaeicola	Blautia	Dialister	Faecalibacterium	Oscillospiraceae_unclassified	Alistipes	Anaerostipes	Lachnospiraceae_unclassified	Roseburia	Collinsella	Bacteroides	Fusicatenibacter	Dorea	Parabacteroides	Mediterraneibacter	Flavonifractor	Anaerobutyricum	Bilophila	Ruthenibacterium	Eubacteriales_unclassified	Clostridium	Eubacterium	Enterocloster	Lachnoclostridium	Lactococcus	Limosilactobacillus	Eggerthella	Erysipelatoclostridium	Hungatella	Lactobacillus	Escherichia	Megasphaera	Klebsiella	Gemmiger	Candidatus_Cibionibacter
220325-LD-037.04	0.9385442	0.0566995999999999	0.0043486999999998	0	0	0	0	0	0	0	0	0	0	0	0	0	0	0	0	0	0	0	0	0	0	0	0	0	0	0	0	0	0	0	0	0	0	0	0	0	0	0	0
230426-LD-438.03	0.968864933462335	0.000116470081259563	0	0.00430698949676212	0.00179321863717577	0.0017009839468576	0.00109089303109321	1.39203278547653e-05	0	0	0	0	0	0	0	0	0	0	0	0	0	0	0	0	0	0	0	0	0	0	0	0	0	0	0	0	0	0	0	0	0	0	0
230426-LD-456.01	0	0	0	0	0	0	0	0	0	0	0	0	0	0	0	0	0	0	0	0	0	0	0	0	0	0	0	0	0	0	0	0	0	0	0	0	0	0	0	0	0	0	0
230426-HT-119.01	0	0	0.0050872924009573	0	0	0	0	0	0.136904200693953	0.0922874159724131	0.0399683671338267	0.0327262640385888	0.0347121224177656	0.0526336612301022	0.0257316827717452	0.0303212568090794	0.0217319930377381	0.0218744211767239	0.0597296584644555	0.0189374816253214	0.0179394816373573	0.011024138560513	0.0154615886465828	0.0105248599512357	0.00956631188909411	0.0054265343845823	0.00539722405551089	0.00431697683235798	0.00656607094258645	0.00238416680541687	0.001200274692392	3.83374646409322e-05	0	0	0	0	0	0	0	0	0	0	0
230426-LD-456.05	0	0.013282	0	0	0	0	0.7680007	0	0	0	0	0	0	0	0	0	0	0	0	0	0	0	0	0	0	0	0	0	0	0	0	0	0.2187173	0	0	0	0	0	0	0	0	0	0
230426-LD-463.01	0.432236543223654	0	0	0	0	0.567680356768036	0	0	0	0	0	0	0	0	0	0	0	0	0	0	0	0	0	0	0	0	0	0	0	0	0	0	0	0	0	0	0	0	0	0	0	0	0
230809-LD-492.01	0.9554663	0.041204	0	0.0001246999999999	0	0.0005779999999999	0.0015187999999999	0	0	0	0	0	0	0	0	0	0	0	0	0	0	0	0	0	0	0	0	0	0	0	0	0	0.0001615999999999	0.000946599999999901	0	0	0	0	0	0	0	0	0
230809-UC-198.01	0	0.0385790623879785	0.00176943566134195	0	0.00235586513870148	0	0	0	0	0.670534937814565	0	0	0.00501112377449602	6.11847784327368e-05	0.00599058256750219	0.0781273358720831	0	0	0	0	0.000250063897403977	0	0.0055996630718013	8.10773664946121e-05	0	0	0.00766728661883873	0	0.0014598949349853	0	0	0.00539933064455201	0.00108575353123569	0	0.060241287046429	0.0214525487428688	0.000966197067631485	0	0	0	0	0	0
230809-LD-482.02	0.0368389	0.0032946999999998	0.8242388	0.0016117	0.0003785	0	0	0	0	0	0	0	0	0	0	0	0	0	0	0	0	0	0.0023355999999999	0	0	0	0	0	0	0	0	0	0	0.0255820999999999	0	0.0001107999999999	0	0.1056089	0	0	0	0	0
230809-LD-496.02	0.00343126351648784	0.0676973525961485	0.110002096153129	0.000471247913510273	0.00182877764232903	0.0177236483843386	0	0	0.0525144891891292	0.0785078923809804	0.00272720786881297	0.0408495847783503	0.160640870656751	0.0391255043523338	0.00442677059227472	0	0	0	0.060640340544262	0	0	0.0292958935498784	0.0589713697289427	0.0167410628004385	0	0	0.0272043789058524	0.00667544150087219	0.000136835285877407	0	0.00759960427102779	0.00957338976675277	0	0	0.00611131346191952	0.011888545616511	5.14650873437632e-05	0	0.00134703791916702	0	0	0	0
230809-LD-331.02	0	0.0169157696707311	0.721148103952819	0	0.000279878988714525	0	0	0	0.000340390652463152	0.00107405694378346	0.00832893377746021	0	0.00376868247442711	0.00571840239975402	0.00532532746293251	0	0	0	0.0366557180361184	0	0	0.00215323178947642	0.000556847797912319	0.000574108172978162	0.0377100058293907	0	0.00586712260817104	0	0	0	0.0106903939289236	0.00248398874422824	0	0.0058618040042263	0.00775101226580458	0.00960590047928643	0.00246271432844939	0.0231626205303532	0	0	0	0	0
230809-LD-491.01	0.142967519289326	0.218585822010743	0.0207527198745416	0.00173268891452314	0.00408589306403526	0.0100534593850779	0.0473394966797126	0.000428140340620789	0.00168545491049055	0	0	0	0	0.00130414399999181	0.000278144563360978	0	0	0.0031729720353456	0.00120016850503356	0	0	0	0	0	0	0.000630123865359725	0	0	0.0448174840661094	0	0	0	0.00654297156502844	0.197465142164744	0.00330466084316238	0	0	0.000172449629283768	0.00252524920488584	0	0	0	0
230809-LD-492.03	0.9841949	0.0014242999999999	0	0.0015080999999999	0.0011915	0.0114259	2.80999999999991e-05	0	0	0	0	0	0	0	0	0	0	0	0	0	0	0	0	0	0	0	0	0	0	0	0	0	0	0.0001354999999999	0	0	0	9.16999999999995e-05	0	0	0	0	0
230809-UC-196.01	0	0.0236502152169581	0.914561422508946	0.00111261012475204	0	1.23001119310178e-05	0	0.00617255617026106	0	0	0	0	0	0	0	0	0	0	0	0	0	0	0	0	0	0	0	0	0	0	0	0	0	0.00290952647669084	0	0	0	0	0	0.0498396535408473	0	0	0
230809-LD-499.05	0	0	0	0	0	0	0.996599	0	0	0	0	0	0	0	0	0	0	0	0	0	0	0	0	0	0	0	0	0	0	0	0	0	0	0	0	0	0	0	0	0	0	0	0
230809-UC-194.01	0.514542384964799	0.0613759857447533	0.000227359769356826	0.0077915178228759	0.00188428302001259	0	0	0.00114734801858402	0	0	0	0	0	0	0	0	0	0	0	0	0	0	0	0	0	0	0	0	0	0	0.0009831828117219	0	0.000341190356489469	0	0	0.00311903846207935	0	0	0	0	0	0	0
230809-LD-499.10	0	0.0678289	0.0036898999999999	0	0	0.0085964999999999	0.8873461	0	0	0	0	0	0	0	0	0	0	0	0	0	0	0	0	0	0	0	0	0	0	0	0	0	0	0	0	0	0	0.0112657	0	0	0	0	0
230809-UC-187.01	0.00534202750449917	0.0215400645541807	0.0060705770037794	0	0	0.224115249267363	0	0.273656615218418	0.00231376164994491	0.000105941651231054	0	3.97281192116453e-05	0	0.000969727273484261	0	0	0	0	0.0145247408367243	0	0	0.294671385751912	0.00466073038943289	0.000591306905639899	0	0.000316721394826075	0.000914148036001302	0	0.00455428712053502	0	0.000172656800917278	0.000571844140167527	0	0	0.00188818922142006	0.100446530014644	0	0	0	0.00377176356030563	0.0318150001941261	0	0
230809-LD-331.03	0	0.0272078920405145	0.194853737777853	0.000192876443805283	0.00164255400695618	0.0416242679956103	0	0.000724321409140297	0.01467733861136	0.000475258318883019	0.0142265002714136	0	5.68074933740114e-05	0.000173009342297432	0.0199854763210019	0	0	0	0.0326318177011321	0	0	0.0389309305729652	0.00143663977778647	0.00113439080120078	0.000672791114604308	0	0	0.0007315646232317	0	0	0.0661058142521205	0.00662071157749113	5.47380036336095e-05	0.0539082417221962	0.00270854817223691	0.0108521972496896	0.00630232058093062	0.347297008407717	0	0.0111925248374985	0	0	0
220706-LD-136.14	0.0375009978458533	0.00109908094145401	0.930190704098042	0	0.000184263865855806	0	0	0.00152262774277555	0	0	0	0	0	0	0	0	0	0	0	0	0	0	0.0142629435362297	0	0	0	0	0	0	0	0	0	0	4.52156717518284e-05	0.00790473978280873	0.00231230144368008	0	0.000676934625541114	0.00166917853728092	6.3221912714947e-05	0	0	0
220706-LD-317.12	0.998357	0	0	0	0	0	0	0	0	0	0	0	0	0	0	0	0	0	0	0	0	0	0	0	0	0	0	0	0	0	0	0	0	0	0	0	0	0	0	0	0	0	0
220706-LD-327.02	0.0261958973804102	0.0679201932079807	0.164319683568032	0	1.96999980299994e-05	0.0416798958320105	0	0.0181583981841601	0	0.0836366916363309	0	0	0	0	0	0	0	0	0.0770579922942008	0	0	0	0	0	0.00582379941762006	0	0	0	0	0	0.0258528974147102	0	0.01097229890277	0.00742959925703998	0	0	0	0.377642462235754	0	0.0619380938061907	0.00262509973749003	0	0
220706-LD-363.03	0	5.3537473090984e-05	0.0636353612126981	0.000331726419805963	0	0.00335082807542145	0	0	0.0732712827156432	0.033189526875966	0	0.0264900328153824	0.00189852116114945	0.00124917338656311	0.0163762893651001	0.0125972644616296	0.00573386336804441	0.0159134990929003	0.0530770508224025	0.0147466910495538	0.0139925333757239	0.0541935130497077	0.00358165694978671	0.00877602731976073	0	0	0.0269292460080865	0.0206377692664636	0.00739393686058114	0.00874081613553551	0.0508859267794748	0.00193980678943692	0	0.35733071631183	0	0.000288278701259047	0.00111090256663784	0	0	0	0	0.00248084413769294	0.0013027108596543
220706-UC-098.04	0.9839954	0	0	0	0	1.81999999999992e-05	0.0118173	0	0	0	0	0	0	0	0	0	0	0	0	0	0	0	0	0	0	0	0	0	0	0	0	0	0.0010453999999998	0	0	0	0	0	0	0	0	0	0
210327-UC-049.01	0.00660782034546605	0.0731504155745662	0.218975740786485	4.06518025920431e-05	0.000151593175183035	0.000116648645368694	0	0.0699237037757212	0	0	0.00487791592826731	0	0	0	0	0	0	0	0	0	0	0.163819555259267	0	0	0	0	0	0	0	0	0	0	0.00138716766775893	0.184734907692874	0.00893168164191623	0.0670685654729822	0	0.00127772820905671	0.103681521362673	0.0175541692779108	0.0110815211824427	0	0
211126-LD-146.09	0.267362526736253	0	0	0	0	0.132729613272961	0	0	0	0	0	0	0	0	0	0	0	0	0	0	0	0	0	0	0	0	0	0	0	0	0	0	0	0	0	0	0	0	0.00606840060684006	0	0.0190710019071002	0	0
211126-LD-191.04	0.00298584170001173	0.0116778245901611	0.0148835932380191	0.00631639084426541	0	0	0	0.0319235924251995	0.0847307196670154	0.0169444293922311	0	0.00456702966960583	0.0373540311614684	0.0225293885057159	0	0.00040725644625136	0.000350210909731209	0.000605804547386324	0.0941545576314439	0.0064342920087986	0	0.0193701876427726	0.00195785784802647	0.000478378154120638	0	0.000487480039353909	0	0.00515261956490441	0.00104629345832681	0.000225747920959971	0.0108172730921178	0.00448045592401495	0.000442605628436494	0	0.00105476032831136	0.00126780794429457	0.00045869268140682	0	0.125479965692244	0.0215790881858378	0.265649739135737	0	0.00249899667590675
211126-LD-193.09	0.830587200000001	0.1532569	0	0.00713790000000001	0	0.0026827999999998	0	0	0	0	0	0	0	0	0	0	0	0	0	0	0	0	0	0	0	0	0	0	0	0	0	0	0.0011857999999998	0	0	0	0	0.0049067999999999	0	0	0	0	0
211126-LD-194.05	0.00117570023513995	0.487030497406099	0.355763471152694	0	0	0	0	0	0	0	0	0	0	0	0	0	0	0	0	0	0	0	0	0	0	0	0	0	0	0	0	0	0.100849620169924	0.0075087015017403	0	0	0	0.0475541095108219	0	0	0	0	0
211126-LD-193.02	0.00409403806163457	0.00267468533527705	0.0389846518670401	4.28558603094985e-05	0	0	0	0.0671598253524635	0.152227561072991	0.144240313141828	0.00211151136561389	0.0802752826896634	0	0.0146631691001532	0.00157628233649307	0.0139848786590016	0.000217303194367281	0.000931358988526521	0.196547506868148	0.00131435065499073	0.0040421105228655	0.0555561058808775	0.00663285676434901	0.00356871488830315	0.017217524355632	0.00203768667194205	0.00150527299130871	0.0106315900660742	0.018873887715769	0.0036065656846348	0.0268074354813362	0	0	0.00745660687735407	0.00869181495819681	0.000891735565369321	0.000903309775817871	0.00169369279563793	0.0104914482746972	0.0324891215455805	0	0.0132346404231698	0.0289933971736196
211126-LD-203.04	0.97607189760719	0.000188200018820002	0	0	0	0.00595820059581996	0	0	0	0	0	0	0	0	0	0	0	0	0	0	0	0	0	0	0	0	0	0	0	0	0	0	0	0.0176207017620702	0	0	0	0	0	0	0	0	0
210423-UC-046.06	0.97580620241938	0.00468929953107005	0	0	0	0.00904879909512009	0.01031459896854	0	0	0	0	0	0	0	0	0	0	0	0	0	0	0	0	0	0	0	0	0	0	0	0	0	0.000100199989979901	0	0	0	0	0	0	0	0	0	0
210423-UC-052.04	0.9815593	0	0	0	0	0	0	0	0	0	0	0	0	0	0	0	0	0	0	0	0	0	0	0	0	0	0	0	0	0	0	0	0.0182906999999999	0	0	0	0	0	0	0	0	0	0
210122-UC-023.01	0.174914657483355	0.0720409003197402	0.063732359458975	0.00603591145006674	0	0.538657130869207	0.000469947117180257	0	0	0.000292202362653174	0	0.00927587287695157	0	0	0	0	0	0	0	0	0	0	0.0061786079431377	0	0	0	0	1.97271643052478e-05	0.00303397778741327	0	0.000977145529393976	0	0.0714741198630515	0	0	0.00127946181892456	0	0.00268659944743902	0.0149439778575098	0	0	0	0
210122-UC-022.01	0	0	0	0	0	0	0	0	0.1928237543007	0.00173327248084798	0	0	0.0119637537769858	0	0.00117504557164232	0	0	0.00192459863394923	0.15451247297029	0	0	0.00184222906305456	0	1.17384163150738e-05	0	0	0.00168441257704079	0	0	0.000904359697983493	0.0377670000610997	0.0120700014938888	0	0	0	0	0.00948052692045249	0	0	0	0	0	0
210122-UC-021.02	0	0	0	0	0	0	0	0	0.5294762	0	0	0	0	0.1730592	0	0	0	0	0.0456348999999999	0	0	0.1542192	0.0176392999999999	0	0	0	0	0	0	0	0.0473356999999999	0	0	0	0	0.0241480999999999	0	0	0	0	0	0	0
220729-UC-013.02	0	0.0124407	0	0	0	0.9868531	0	0	0	0	0	0	0	0	0	0	0	0	0	0	0	0	0	0	0	0	0	0	0	0	0	0	0	0.0006758	0	0	0	0	0	0	0	0	0
211126-LD-191.08	0.000401268571870965	0.0629102883149888	0.00024397305164738	0.000294461613733132	0.000598052967451379	0.00383174087201998	0	0.0216143844223316	0.0322082927078237	0.0231887695838424	0	0	0.0529752612645594	0.00351527988482846	0	5.77483553268395e-05	0	0	0.0576962168117453	0	0.0097723416837089	0.0133580195636029	0.0517209669868605	0.00117795645180026	0	0.000529964906599353	0.0148842260972408	0.0001988743360588	0.0176201781773255	0.027658162295538	0.00775202922220746	0.000881294900721012	0.00021295393507182	0.00463548798130221	0.00432859672156539	0.0405341755866794	0.00160375432507672	0.222224251053331	0	0.00537576689815877	0.0361219812459743	0	0
211126-LD-206.05	0	0.0186860493008783	0.0620877428740193	0.000231724963309253	0	0.00101139795873615	0	0.0840706627014123	0.0576345173213383	0.0518098225178684	0	0.0121921790245577	0.0168128532038862	0.0365359903637083	0.014987941738608	0.0468412513767053	0.0387266475969887	0.0120677532428338	0.0764886342826049	0.0391799866391887	0.00800854266561073	0.0636169625561971	0.11978375088019	0.00164590754215224	0.0189704953043712	0.00115274399601746	0.00202496253556211	0.00667617571272703	0.00363806128949859	0.00356109476116897	0.000534019772969379	0	0	0.00356408675757857	0.000964970428242287	0.00142903938860081	0.00015960753260879	0.0046565781362442	0.00356697558169819	0	0	0.0178675835244172	0.00484992300767864
210628-UC-060.02	0.854553040930641	0.0353097564733969	0.00363508832317055	0.000208325411897963	0	0.000163198245343697	0	0.000505604373833048	0	0.000501601964382458	0	0	0	0	0	0	0	0.0014088481265722	1.57094570931701e-05	0	0	0	0.000547629673063184	0	0	0	0	0	0	0	0.000140384511475909	6.54393945154984e-05	0	0.000446368713965708	0	0.000920053872431104	0	0	0.000196418243782757	0	0	0	0
210628-UC-059.02	0.9987834	4.28e-05	0	0	0	0	0.000957	0	0	0	0	0	0	0	0	0	0	0	0	0	0	0	0	0	0	0	0	0	0	0	0	0	0	0	0	0	0	0	0	0	0	0	0
210628-UC-059.03	0.9998191	0	0	0	0	0	0.0001808999999999	0	0	0	0	0	0	0	0	0	0	0	0	0	0	0	0	0	0	0	0	0	0	0	0	0	0	0	0	0	0	0	0	0	0	0	0
210806-UC-040.02	0.134783751812929	0.0881912397456747	0.03537830455819	0.000833287090796965	0.000131048958867111	0.00479823477052396	0	0.00853937540018554	0	0	0	0	0	0	0	0	0	0	0.351714622053779	0	0	0	0	0.0437539711417906	0	0	0	0	0.026041885294894	0	0	0	0.0225430828571375	0	0	0.101439368049158	0	0.00168776725541084	0	0	0.0763064301424073	0	0
210806-LD-095.03	0.9917535	0	0	0	0	0.0082465	0	0	0	0	0	0	0	0	0	0	0	0	0	0	0	0	0	0	0	0	0	0	0	0	0	0	0	0	0	0	0	0	0	0	0	0	0
210806-HT-056.03	0.00588419488958143	0.116963706011065	0.0226656981063346	0.000495765997645339	0.000643039138992495	0.00214199039550052	0	0.00909416670777104	0.111113365861343	0.0324531335374598	0	0.00354470176837261	0	0	0	0.0123902320335558	0	0	0.0824217249783588	0	0	0.00194468858812967	0.133463320800383	0.00628100860603563	0	0.000733452390842727	0.00216127855589544	0	9.64408019735806e-05	0	0.0128961444072421	0.0243114202083464	3.0338668954188e-05	0.09522122766529	0	0.00935897707652359	0.0051529526004509	0.0270218085804788	0.000174698494408293	0.000172287474358953	0.053002759713824	0	0
210806-LD-095.02	0.9640693	0	0	0	0	0.0359307	0	0	0	0	0	0	0	0	0	0	0	0	0	0	0	0	0	0	0	0	0	0	0	0	0	0	0	0	0	0	0	0	0	0	0	0	0
210806-UC-040.01	0.0158119139993533	0.0217085330016991	0.152519222581812	0	0.00127313592173951	0.0296477513900758	0	0.00102225001840611	0	0	0	0	0	0	0	0	0	0	0.049915290995637	0	0	0	0	0	0	0	0	0	0	0	0	0	0	0.0530873771179253	0	0.000219975319549314	0	0.000867497030983311	0.000673430582631395	0	0.659353562659856	0	0
210806-LD-060.09	0.8094808	0.0175089	0	0	0	0.0033117	0.0232306999999999	0.0820615	0	0	0	0	0	0	0	0	0	0	0	0	0	0	0	0	0	0	0	0	0	0	0	0	0	0.0207270999999999	0	0	0	0	0	0	0	0	0
230213-LD-032.02	0	0.0215178371955102	0.686956266557916	0.000622594105928134	0.000316472774748568	0.000315970277487933	0	0.000249741138536084	0.0231980875356259	0.0278180473499149	0.012387361470299	0.0121124954687309	0	0.00705777502453918	0	0.0151287855254257	0.000684401268986384	0.0169509410919447	0.0170910373282098	0.0150955202067716	0.00438690158480593	0.00761424049096789	0.00637679073692522	0.00221802290844802	0	0	0.000312754295019862	0.00433042089271052	0.00872254844902717	0	0.00609418627754353	0	0.00118207455592046	0.000282302961025309	0.00206707273135301	0.00330723597060302	0.000487623341721254	0.000542898040391235	0.00253238519470202	0	0	0	0
211025-UC-046.02	0.943821200000001	0.0024954999999998	0	0	0	0.0402083999999999	0.00597609999999991	0	0	0	0	0	0	0	0	0	0	0	0	0	0	0	0	0	0	0	0	0	0	0	0	0	0	0	0	0	0	0.00648789999999991	0	0	0	0	0
211025-UC-081.03	0.7681998	0.0235674999999999	0	0.0041394	0	2.84999999999998e-05	0.2030597	0	0	0	0	0	0	0	0	0	0	0	0	0	0	0	0	0	0	0	0	0	0	0	0	0	0.0001277999999999	0	0	0	0	0	0	0	0	0	0
211025-LD-146.03	0.0773731811178779	0.0360724873903509	0.163479463741512	0.000911202535600243	0.00173233794109942	0.0962672189446685	1.033063964412e-05	0.036314906380835	0.0105710526851589	0.00563942597349483	0.029004624816744	0	0.00227063447478869	0.0832250371376471	0.00193213050586727	0	0	0	0.0248783868074319	0	0	0.00144528657545395	0.00154899416178435	0.000258968073408825	0	0	0.00934852679562311	0	0.000716023654556956	0.0226451632898014	0.0683963567544984	0.00751659346455648	0	0.00310440736179417	0.0236460317656137	0.0210606638228321	0.021763749103466	0.0100119945747091	0.0929181860480004	0.0413112249621155	0.00263752262836328	0	0
211025-UC-016.01	0.0624005875198825	0.0096670980665802	0.00124609975078005	0	0	0	0.00519159896168011	0	0	0	0	0	0	0	0	0	0	0	0	0	0	0	0	0	0	0	0	0	0	0	0	0	0.645879470824106	0.00719919856016009	0	0	0	0.000357899928419915	0	0	0	0	0
211025-UC-056.01	0	0.000578888682214394	0	0.000411643026538284	0	0	0	0	0.307779762252325	0	0	0.000376026825119536	0	0.228148055847007	0	0	0	0	0.271532702595488	0	0	0.105447131812251	0.000941170663406331	0.0025095877810945	0	0.00678413391531211	0	0	0	0	0	0.00143568406282327	0	0	0	0.0015884825832762	0	0	0	0	0	0	0
211025-LD-135.08	0	0.00838824499544179	0.000772205406037825	0.000623985173976148	0.00130307787012907	0	0	0.00145689886669521	0.386894011032506	0	0	0	0	0	0	0	0	0	0.310473579643622	0	0	0	0	0	0	0	0	0	0	0	0	0	0	0.00326554574699447	0	0	0.218823369389922	0.0341501614970444	0	0	0	0	0
211025-UC-048.02	0.0003184276979895	0.00269509092305344	0	0.000160920428712803	0.000148171274348249	0	0.0115869735766247	0.000236813032647272	0	0	0	0	3.1320757179304e-05	0.00466438353070244	0	0	0	0	0.0323493228141096	0	0	0.0042516924000483	0.00147157365221592	0	0	0	0	0	0	0	0.00971646181854122	0.00137490093053759	0	0.00106701387198334	0.0107996380043256	0.00379693909869483	0.000233299486168825	0	0	0.000143352696320564	0	0	0
211025-UC-017.02	0.0049333561357243	0.0904335013906984	0.693401434425451	0	0.00102610760175708	0.00867911000904002	0	0.0300554495075064	0	0	0	0	0	0	0	0	0	0	0	0	0	0	0.00924679732329871	0	0	0	0	0	0.000105457717570098	0	0	0	0	0.038857760595343	0	0	0	0.0286385869788588	0.00575135516174419	0.00261458953390286	0.00674327922577176	0	0
211025-UC-074.01	0	0.0173247965350405	0	0	0	0.0302025939594811	0	0	0	0	0	0	0	0	0	0	0	0	0	0	0	0	0	0	0	0	0	0	0	0	0	0	0	0	0	0	0	0.000760199847959931	0.678720364255928	0	0	0	0
211025-UC-068.04	0.0112847999999999	0.0066549999999999	0	0	0	0	0	0.0007309999999999	0.3637044	0.0190689	0	0	0	0.0588765	0	0	0	0	0	0	0	0	0.0036706	0.0648154	0	0.0077592	0	0	0	0	0	0	0	0	0	0.0205454	0	0	0.0240426999999999	0	0.407492	0	0
210121-UC-025.02	0.0227659514284314	0.0275947812252554	0.0412167047515205	0.000641632616182107	0.000777366506126038	0.000605918526699082	0	0.00253681959826422	0.00303783434645344	0.128169828940704	0	0.374470978690188	0.00312818794035921	0.0213429840739582	0	0.000880744041495807	0	0.000237992180344045	0.0181183375671317	0.000475984360688191	0.000189864646653243	0.0727720869258556	0.0386904671056957	0.00583635376850801	6.55267054902213e-05	0.00177878550524845	0	0.00193252906424792	0.0461439263561232	0	0	0	0	0.0350942312689777	0.00252949363119078	0.00311109401718785	0	0.029051224179273	0.000433961799558592	0.000501319996817174	0	0.0431903406310142	0.0385015182049266
210121-UC-026.02	0	0.0080608139084857	0.00209231822520863	0.000184683111550046	0.00015391979839077	0	0	0	0.0149516928235694	0.120917989652584	0	0.0035504786224394	0.00249203483108992	0.00839084851308422	0.0394343349338172	0.0242509881682027	0.000947468752267691	0.00426350615261094	0.0287007259212813	0.00327350557141143	0.000773005667572572	0.047503820380241	0.195644038735761	0.00747156225911324	0.00328579025015634	0	0.0148939858032472	0.00169301454970501	0.00150244718026869	0.00509669642277364	0.0987369182365854	0.00585101699074276	0	0.00192662991104542	0.00637781292044694	0.0337316631813623	0.0029368640807659	0	4.13962703921794e-05	0	0	0.08195873111863	0
220207-LD-258.01	0.8109197	0	0	0	0	0	0.1443378	0.0026279	0	0	0	0	0	0	0	0	0	0	0	0	0	0	0	0	0	0	0	0	0	0	0	0	0	0	0	0	0	0	0	0	0	0	0
220207-LD-218.08	0.000391941051264889	0.0546955489011783	0.032454120621936	0.00169771043355078	0.000491352919440047	0.00101924695860242	0	0.00697544947329222	0.0121873143848773	0.123307758220326	0.000331072555947108	0.0800155414888377	0.0180723368006017	0	0	0.0221195911759504	0	0	0.0211053498501863	0.0166774671537882	0.0142125934313883	0	0.0172196773028689	0.00264878067289121	0	0	0.000992216541273799	0.00252424052786592	0	0	0.0119807819739552	0.0100423006008661	0	0.207061105862428	0.00580843623329325	0.0106505851034168	0.00135732740052371	0.189771449812475	0	0.0511510602881424	0	0	0
220207-LD-234.12	0.207146852523872	0.102638070435084	0.00471926103018548	0.00124298508267068	0.00430510025073861	0.105907617913907	0	0	0	0.000852051091291937	0.00664527456024201	0	0	0	0	0	0	0	0.0422502313378037	0	0	0	0	0	0	0	0	0	0.00127606565961595	0	0	0.0345039466938176	0	0.105312971919819	0	0	1.47806833160166e-05	0	0.137793071036869	0	0.00124821362370773	0	0
220207-UC-113.01	0	0.00137058603794852	0.0363723529586722	0	0	0	0	0	0.125945100941333	0.053403149807151	0.00200123306364888	0.0464580675180487	0	0	0.0148600805473876	0.0412936178621821	0.00301147817915902	0.0320269882647227	0.286746078116549	0.0335073704035487	0.0465089830652873	0.0228965703589848	0.0278365883155372	0.00692985803636371	0.0101995435748865	0	0	0.00331636652539694	0.0114380516586117	0.00946353665440496	0.0175104112211814	0.0203220584802867	5.56542219322997e-05	0	0.0106276374631556	0.00997995137313175	0	0	0.00149137183120035	0.0378444676225012	0	0.0099333712091233	0.0140073207482872
220207-LD-218.06	0.0114524861321271	0.00255332868046692	0.0235106735554746	0.00514104258815894	0	0	0	0	0.132161776178437	0.149202914343492	0.0148678514566204	0.102621557793147	0.0699155927882852	0	0	0.058929562814392	0	0	0.0734775213845038	0.0287140706956262	0.00734600781497013	0	0.0173758678259934	0.00433644832080788	0	0	0	0.0020670233240107	0	0	0.0397598487611393	0.0133572071737006	0.000258139825371066	7.97977867943478e-05	0.0079768714736346	0.00721388032377034	0.00104238365212005	0.000383550668687311	0	0.12916544948309	0.000619936574794188	0	0
220207-LD-258.04	0.827547430707444	0.0713111506436487	0	0.00316801706524937	0.00742672528510444	0	9.76529278869147e-05	0	0	0	0	0	0	0	0	0	0	0	0	0	0	0	0	0	0	0	0	0	0	0	0	0	2.69145877065364e-05	0	0	0	0	0	0	0	0	0	0
230110-LD-322.05	0	0.0755232655830973	0.060769393802609	0.000304856415863791	0	0	0	0.000354664268493565	0.0519078718826469	0.0165453365866759	0	0.0855701219448779	0.00683488546620719	0	0.000821771786659449	0	0.003708315969923	0	0.227932636670553	0	0.0107021011980001	0	0.0164972621859939	0	0	0.0344553621100225	0.000499811978245295	0	0.00137231612524017	0	0.00359633497410316	0.00219108326185734	0.0145826067280585	0	0.0112566902577921	0.0199739889757079	0.00159697149765846	0.000965879425242808	0	0	0	0	0.0143275581648245
230110-LD-440.03	0	0	0	0	0	0	0	0	0	0	0	0	0	0	0	0	0	0	0	0	0	0	0	0	0	0	0	0	0	0	0	0	0.0115481011548099	0.000186200018619902	0	0	0	0.00591730059172996	0	0	0.92073889207389	0	0
230110-UC-166.05	0.8724869	0	0	0	0	0.0247081	0	0	0	0	0	0	0	0	0	0	0	0	0	0	0	0	0	0	0	0	0	0	0	0	0	0	0	0	0	0	0	0	0	0	0.0909089	0	0
230110-LD-389.02	0.00974183152284358	0.00141925645426293	0.0238776299282615	0	0.000416731442907537	0.226046879351149	0	0.000742801904416234	0.0314533851625682	0.0283254782804621	0	0	0.000119301609613506	0.0450589198506442	0.0215029303586642	0	0.000679339217436974	0	0.154190736899669	0	0	0.0143863523903747	0.00753629710262961	0.000234585289369661	0	0.000534899790253659	0.013460889213208	0	0.00014722107093068	0	0.00861001158915188	0.0222191521117158	0	0	0.0161989538752985	0.00461392278630849	0.000741256546778855	0.00503570239749877	0.0460584571705678	0	0.00387400554948222	0	0
230110-UC-166.01	0.828565082856508	0	0	0	0	0.00224080022408002	0	0	4.54000045400003e-05	0	0	0	0	0	0	0	0	0	6.49000064900003e-05	0	0	0	0	0	0	0	0	0	0	0	0	0	0	0	0	0	0	0	0	0	0.164833716483372	0	8.53000085299998e-05
230110-LD-415.02	0.96152892274138	0.011240059634188	0	0.000106889958589049	7.07595512383214e-05	8.57721858716296e-05	0.019025712039252	0	0	0	0	0	0	0	0	0	0	0	0.000233496510663274	0	0	7.8365952785864e-05	0	0	0	0	0	0	0	0	0	0	0	0	0	0	0	0	0	0	0	0	0
230110-UC-162.01	5.4000848158002e-05	0.0740098858318665	0.000340435134238527	0.00455950991128123	0.00891887199811243	0	0.352056921030196	0.000214969333837381	0.00036835472169043	0.124813539092651	0	0	0	0.00242670619988323	0.000453836915370333	0.00248449859695457	0	0	0.00063445251814538	0	0.00326222570585131	0.000496692907631897	0.126240999810768	0.000932031660122688	0	6.42265406815384e-05	0.00119801456115637	0	0	0.0112936454674274	0.000200722301557396	0.00196275848741098	0.000486811901373083	0	0.0699680946903727	0.0510263205878696	0.000658695452105905	0	0.00118307815634659	0	0	0	0
230110-LD-438.01	0.228341443485464	0.000262609358755958	0.00198981717176527	0.00288880317889621	0	0.738820158295309	0.017304453253329	0	0	0	0	0	0	0	0	0	0	0	0	0	0	0	0	0	0	0	0	0	0	0	0	0	0	0	0	0	0	0	0	0	0	0	0
230110-UC-173.01	0.0002175999999999	8.11999999999998e-05	0	0	0	0.3065013	0	0	0.1165842	0	0	0	0	0	0	0	0	0	0.0103292	0	0	0	0	0.1021071	0	0.0587166	0	0	0	0	0	0	0	0.0084966	0	0.1344105	0	0	0	0	0	0	0
230110-UC-172.01	0	0.0114763959617702	0	0.00174164451491932	0.000505029710288186	0.0326245778447715	0.45950583611088	0	0	0	0	0	0	0.000156459790938287	0	0	0	0	0	0	0	3.21355154687269e-06	0	0	0	0	0	0	0	0	0	0	0.0125711123809103	0	0	0	0	0.0018804297723499	0.00271745952682452	0	0	0	0
230110-LD-440.01	0	0	0	0	0	0	0	0.0002275999999999	0	0	0	0	0	0	0	0	0	0	0	0	0	0	0	0	0	0	0	0	0	0	0	0	0.0149868999999999	0	0	0	0	0	0	0	0.9847855	0	0
230110-LD-386.07	0.00745266016640675	0.0321052695225103	0	0.000198962233660524	0	0.00156523847613316	0	0.00485157779118434	0	0	0	0.21104229027546	0	0	0	0	0	0	0.064863238528432	0	0	0	0	0.0342512710069236	0	0.0021457947704042	0	0	0	0	0.0769317191587608	0	0	0.000279994125187761	0	0.0171238784343853	0	0.00289151555786478	0.0576480927583639	0	0	0.0962920364564961	0.00587305506664822
210417-UC-050.02	0.9664521	0.0275721999999999	0	0	0	0	0.0011117	0	0	0	0	0	0	0	0	0	0	0	0	0	0	0	0	0	0	0	0	0	0	0	0	0	0.0026826	0	0	0	0	0.0005391	0	0	0	0	0
210417-UC-049.08	0.000915140680193878	7.60026991987618e-05	0	5.45454727758921e-05	0.000382018844257535	0.00466303631785953	0.0557910948499649	0	0	0	0	0	0	0	0	0	0	0	0	0	0	0	0	0	0	0	0	0	0	0	0	0	0	0	0	0	0	0	0	0	0.933470565999521	0	0
210417-UC-050.01	0.905594309440569	0.0540572945942705	0	0	0	0	0	0	0	0	0	0	0	0	0	0	0	0	0	0	0	0	0	0	0	0	0	0	0	0	0	0	0.0389242961075704	0	0	0	0	0	0	0	0	0	0
210417-UC-052.01	0.318829531882953	0.0231903023190301	0	0.00132140013213991	0	0.00311090031108983	0.00338140033814003	0	0	0	0	0	0	0	0	0	0	0	0	0	0	0	0	0	0	0	0	0	0	0	0	0	0	0	0	0	0	0.555373755537376	0.089733408973341	0	0	0	0
210307-UC-043.02	0	0.488560695536245	0.00149830515553303	0.00114330602460539	0.00445448159788089	0.0111592359452383	0	0.00270169897998135	0	0.0842071655366681	0	0	0	0	0	0.0699123086633506	0.000124986718241756	0	0	0	0	0	0	0	0	0	0	0	0.000735077496883421	0	0.0198682818103482	0	0	0.00543451668424251	0	0.169192196816105	0	0.0126463834002896	0.0149778309798774	0	0	0	0
220826-LD-335.02	0.21912574075124	0.0375042845927145	0.129656433259618	0.00400442893165346	0.000797019385891306	0	0	0.12305210044708	0.000156258670603217	9.74613374980937e-05	0	0	0	0	0	0	0	0	0	0	0	0	0	0	0	0	0	0	0.0145805366203212	0	0	0	5.27873842358641e-05	0	0	0.0693894673242086	0	0	0.0068785868126096	0	0.0552880237945895	0	0
220826-LD-362.05	0.0287480729649447	0.0438857200776209	0.000747824473467713	0.00147776818687857	0.0013445309805112	0.0698496054380399	7.20339190865971e-05	0.00020670158625832	0.0266166863661553	0.0226580904410885	0	0.0561934048400254	0	0.000189025177744871	0	0	0	0.00214017371516011	0.00862261337832309	0	0	0.0506448517306943	0	0.00266249626036666	0	0.00014396566240134	0	0	0	0	0.0047679302131302	0	0	0.00012475661731158	0.000713697765701864	0.00137528588780927	0	0.16069255146798	0.276998721576745	0	0	0.011745002787355	0
220826-LD-333.06	0.9973423	0.0024446	0	2.43999999999992e-05	0	0	0.0001886999999999	0	0	0	0	0	0	0	0	0	0	0	0	0	0	0	0	0	0	0	0	0	0	0	0	0	0	0	0	0	0	0	0	0	0	0	0
210430-UC-042.04	0.113005403614413	0.0271761480283519	0.0449015640864195	0	0.000210812342656353	1.46489941201592e-05	0.00942090129134882	0.000135969299969717	0	0.0170692742941581	0.00680871929437649	0	0	0	0	0.020595819869576	0	0.0104877475813179	0	0	0	0	0.0817363266288885	0.0661806929453643	0	0.011470428741433	0	0	0.00225354798637578	0	0.168994258659687	0.0122454937030633	0.0157940127696613	0.000137833717403192	0	0.132565672772368	0	0.00173630532126004	0.0177648351695182	0	0.0458221867805348	0	0
210430-UC-041.08	0.325045482271268	0.00579535803574907	0	0	0.00110823652956647	0.11972217940272	0	0	0	0	0	0	0	0	0	0	0	0	0	0	0	0	0	0.00777357483355867	0	0	0	0	0.0820707918253158	0	0	0	0	0.000683195849565053	0	0.444424073858381	0	0.000234541798452713	0	0	0	0	0
230526-UC-178.01	0.9501378	0	0	0	0	0	0	0	0	0	0	0	0	0	0	0	0	0	0	0	0	0	0	0	0	0	0	0	0	0	0	0	0.0493773999999999	4.44999999999993e-05	0	0	0	0	0	0	0	0	0
210828-UC-062.03	0.0422016298311895	0.00905390570336766	0.661979143095047	0	0.000697987001881793	0.0278779272699746	0	0.0256443888894006	0.0222438675068276	0.00576863077599014	0	0	0	0	0.00766163640754672	0	0	0	0.0271594141835444	0	0	0.011221259977179	0	0.0137497732117976	0	0.000848678500638613	0.0330277716922665	0	0	0	0.014029428597862	0.00352968552436427	0	0	0.0120182728211011	0.00370410717940339	0.0107493602870527	0.0537984670919805	0.00356082509653268	0.000168714402262295	8.07025568091922e-05	0	0
210828-UC-069.01	0	0.0109373825321069	0.0235747794102774	0	0	0	0	0.00225117443047452	0.042845272153707	0.0502040894114008	0	0.234020069756712	0.00307545924063601	0.0066526214770739	0.00129500405068745	0.000238984135031065	0.0164385775112421	0.00335244232081636	0.0813543385266398	0.000916300717338131	0.00455028599175287	0.0744370105516646	0.00559671848124863	0.00044452919833088	0.00431586173013984	0	0.000488257215210363	0.00128342898739582	0.00437315244744172	0	0.0175468605914575	0.00879938649826143	0	0.00588200286944656	0	0.00269862662458623	0.000515733375549075	6.72289029564237e-05	0.00489169189894051	0	0.00161396135027897	0.0288950994105021	0.0131437766672213
210828-LD-032.03	0	0	0	0	0	0.0258372	0.972774	0	0	0	0	0	0	0	0	0	0	0	0	0	0	0	0	0	0	0	0	0	0	0	0	0	0.0013887999999998	0	0	0	0	0	0	0	0	0	0
210828-LD-063.02	0.0136987493598842	0.020461991662666	0.532812584250421	0	0	0.00531799903583749	0	0	0.080259969722619	0.0144503318797536	0.0116790901699949	0.0112260198608656	0	0.0185434704905575	0	0	0	0	0	0	0.00782264053057547	0	0.0276324870518829	0.0127425899395582	0	0	0	0.0055593897746162	0.000394148160293356	0.00204506874133988	0.004881635006599	0.00011034147736124	0	0.0585315019915988	0.00655516408618002	0.0128125162248487	0	0.00354803370586985	0.000661048488126589	0.0868906621999212	0.000104139145904846	0	0
210828-UC-070.01	0	0.0889053896496263	0.0265732577040586	0	0	0.000292971243287301	0	9.35082508531703e-05	0.139941214266871	0.0533193833348936	0.0371107546190312	0.0331702169306317	0.00159070406713011	0.0490438541994672	0.00162963924325327	0.00371884122107513	0.00409372526658876	0.000294566947226775	0.0782780014127301	0.00228387785843757	0.0150270631388134	0.0314780260929509	0.00223973004944525	0	0.00507050883807205	0.00113752414831952	0	0.000631047717930505	0.00908987430108122	0	0.0070964145596279	0.00381022186667567	0.00130645600537849	0	0	0	0.00152953541611694	0	0.00639590053019928	0	0	0.0212597763461359	0.0137125222334749
230629-UC-058.02	0	0.210486983717011	0	0.0638084618732967	0.24426443921368	0	0	0.00533235411221286	0	0	0	0	0	0	0.0153689923855931	0	0.00295953079904846	0	0	0	0	0	0	0	0	0	0	0	0	0	0	0	0	0	0	0	0	0.322586381537281	0	0	0	0	0
210510-UC-045.02	0	0	0	0	0	0	0.0783674999999999	0	0	0	0	0	0	0	0	0	0	0	0	0	0	0	0	0	0	0	0	0	0	0	0	0	0	0	0	0	0	0	0	0	0.9208797	0	0
210811-LD-102.03	0.9979436	0.0013358999999999	0	0	0	2.99999999999899e-06	0	0	0	0	0	0	0	0	0	0	0	0	0	0	0	0	0	0	0	0	0	0	0	0	0	0	0	0	0	0	0	0	0	0	0	0	0
210811-LD-110.02	0	0	0	1	0	0	0	0	0	0	0	0	0	0	0	0	0	0	0	0	0	0	0	0	0	0	0	0	0	0	0	0	0	0	0	0	0	0	0	0	0	0	0
210805-LD-024.07	0.295115059023012	0.0131081026216205	0	0	0	0.0216218043243607	0	0.0932875186575038	0	0	0	0	0	0	0	0	0	0	0	0	0	0	0	0	0	0	0	0	0.0146431029286206	0	0	0	0	0.191924838384968	0	0	0	0.166133533226707	0	0	0.024328504865701	0	0
210805-UC-066.01	0.00550186328366073	0.0354394396462038	0.522297185847569	0.000205755849427128	0.000102376570304677	0.00277630017492246	0	0.0080081339739306	0.0533158327220989	0.0139368504013591	0.00189090828874194	0.00100080367111743	0.000102777653831727	0	0.00135696584322548	0.000127845374278514	0	0	0.0464904940697293	0.0249612327703291	0.00140940751440016	0.0298222648484883	0.011614977862696	0.00742235148253008	0	0	0.0062378515559785	0	0.0210775409769492	0	0.0026699127693462	0.00213767492882012	0	0.0916267296100417	0.00259741692181419	0.0103299062417119	4.26151247595369e-05	0	0.067656072880888	0.000433671563729417	0	0	0
210805-UC-061.03	0.735296794364441	0.00975819970601291	0.000691563762178774	0	0	0.118147393189652	0	0	0.000236121770427133	0.0405433380957724	0	0	0.000893282360633551	0	0	0	0	0	0	0	0	0	0.00707695249502005	5.87054126390444e-05	0	0.000106109783321922	0.00801983942919538	0	0	0	0.010238543993756	0.000718366233366616	0	0.00373734458317047	0.0175377169775052	0.0269050806484358	0.000505046565293221	0	0	0	0	0	0
220401-UC-125.02	0.0165568999999999	0.8721899	0	0	0	0	0	0	0	0	0	0	0	0	0	0	0	0	0	0	0	0	0	0	0	0	0	0	0	0	0	0	0.1098621	0	0	9.90999999999996e-05	6.77999999999994e-05	0.0012241999999999	0	0	0	0	0
220401-UC-124.01	0	0.00111971733436178	0.038895461618517	2.25549821700106e-05	0	0	0	0.000312689069888539	0.0341420816444147	0.147378324398077	0	0.0644327625529209	0.125132620544553	0.0440833275662262	0	0.0496328433987788	0.0111780291148509	0.00539889256137771	0.0451805999427211	0.0207412315306329	0.0242396743016566	0.00649946566697112	0.0446211263606019	0.000235231960387622	0.0231899324241733	0.000185060878097254	0.00320621822154287	0	0.0205362562536438	0.000878874134507469	0.000694583426532873	0.000214107294160099	0	0	0.000816930451767388	0.00134581727757835	0.00149512025711361	0	0.000372872363776328	0	0.129976000398729	0	0.00438380833942413
220401-LD-279.05	0	0.000162495581008332	0.0708824534136663	0	0	0	0	0	0.0619137423296601	0.113340197508937	0.10526526436986	0	0	0	0.0626225574589078	0	0.222096661149481	0	0.0464486564645914	0	0	0.0121235288271863	0.0325650549229839	0.00499002507029883	0	0	0	0	0.0057712578443305	0	0.00472470270362332	0.00544428120576101	0	0	0.00474048201727762	0.00450421030752807	0	0	0	0	0	0	0
220401-UC-121.02	0.99624489962449	0.00092530009252991	0.000279300027929903	0	0	0	0.00229770022976992	0	0	0	0	0	0	0	0	0	0	0	0	0	0	0	0	0	0	0	0	0	0	0	0	0	0	0.000106000010599901	0	0	0	0	0	0	0	0	0
EP-SM-80S-S89-Index-A12	0	0.00139280013927991	0	0	0	0.431589943158994	0.0131882013188201	0	0	0	0	0	0	0	0	0	0	0	0	0	0	0	0	0	0	0	0	0	0.321758032175803	0	0.0514572051457205	0.0262737026273703	0	0	0	0.0811661081166107	0	0	0	0	0	0	0
EP-SM-80S-S92-Index-D12	0.1028893	0.0056457999999999	0	0.0014632999999999	0	0.882349	0.0003917	0	0	0	0	0	0	0	0	0	0	0	0	0	0	0	0	0	0	0	0	0	0	0	0	0	0	0.0018341	0	0	0	0.0041256	0	0	0	0	0
EP-SM-80S-S76-Index-D10	0.621022337897767	0.00162949983704992	0	0	0	0.355731964426804	0	0	0	0	0	0	0	0	0	0	0	0	0	0	0	0	0	0	0	0	0	0	0	0	0	0	0.000380699961929904	0.0107063989293599	0	0	0	0	0	0	0	0	0
EP-SM-80S-S67-Index-C9	0.00312800957664144	0.533006511436267	0	0	0.000132408871394382	0.00216174483690397	0	0.000413927733158022	0	0	0	0	0	0	0	0	0	0	0	0	0	0	0	0	0	0	0	0	0	0	0	0	0.359989219277692	0	0	0	0	0	9.4106305122443e-05	0	0	0	0
EP-SM-80S-S57-Index-A8	0.4040313	0	0	0	0	0.0057108	0	0	0	0	0	0	0	0	0	0	0	0	0	0	0	0	0	0	0	0	0	0	0	0	0	0	0	0	0	0	0	0	0	0	0.5902579	0	0
EP-SM-80S-S43-Index-C6	0.958602091334065	0.00647009538714866	0	7.38124964556496e-05	0	0.00442254873750117	0.0153684018704366	0	0	0.00257513597051971	0	0	0	0	0	0	0	0	0	0	0	0	0.00334086560854743	0.000104517694845638	0	0	0.00288028763269612	0	0.000637307896226732	0	3.83064852879591e-05	0	0.000111118812414842	1.72029124530779e-05	0	0	0	0.00186451566250156	9.08153750429944e-05	0	0.000158526838593674	0	0
EP-SM-80S-S29-Index-E4	0.000402562546933274	0.0682187666673319	0.752101840990243	5.39873861018869e-06	0.000175509936327379	2.79104599847527e-05	0	0.00145715010978784	0.00515029477112804	0.0200348208454056	0	0.00342208723791143	0	0.000910451428261668	0.000629920746517104	0	0	0.00312953672303485	0.0129675664156897	0.00408002030740624	0.0133542383357705	0.00250491285213518	0.00840624346803554	0.000218903571194186	0	0.000119689016357873	0.0320442639522761	7.23227247780017e-06	2.94384048744294e-05	0.000205661382150325	0	0.00067249947744275	0.000764074307830681	0.00220706546164106	0.000931740793724491	0.0068390813261907	0	0	0.00189291999232351	0.00447891578660429	0	0	0
EP-SM-80S-S38-Index-F5	0.961858209102295	0.0213174430712705	0	1.64061900555078e-05	0.000422859544906194	0	0	0.00015745940943508	0	0	0	0	0	0	0	0	0	0	0	0	0	0	0	0	0	0	0	0	0	0	0	0	0	0	0	0	0	0	0.0141452369979193	0	0	0	0
EP-SM-80S-S35-Index-C5	0.404845040484504	0	0.000254000025399903	0	0	0.156783415678342	0	0.0483567048356705	0	0	0	0	0	0	0	0	0	0	0	0	0	0	0	0	0	0	0	0	0	0	0	0	0	0	0	0.00661120066111987	0	0	0.00554690055469006	0.0591869059186905	0.0143590014359001	0	0
210714-LD-024.02	0	0.222294922229492	0	0	0	0.183031618303162	0	0.0108513010851301	0	0	0	0	0	0.00787000078700008	0	0	0	0	0.229046222904622	0	0	0	0	0	0	0	0	0	0	0	0	0	0	0	0	0	0	0	0	0	0	0	0
210520-UC-057.01	0	0.154004001831397	0.0308408903643424	0.000235628299874648	0	0.00103981773122193	0	0	0.0151645063865888	0.0827900939473268	0	0.025805878653948	0.039644627389354	0.0318475210110751	0.0104818087651338	0.0357069134405173	0.00627581042528418	0.00767258843727456	0.0220124621484701	0.0921451348198766	0.0420530804849193	0.0157889545683417	0.0349086976843777	0.000218503764278115	0.00905237466200609	0.00043488355514904	0.00113937898469014	0.00806034633244891	0.00270302165749285	0	0.00245013607368371	0.000802596451291655	0	0	0.00273156255015401	0.000120004497513691	0	0	0.0119185440268493	0	0	0.0437695164947115	0.00460968603557832
230831-LD-362.04	0	0	0	0.576068821655368	0.191495189985654	0	0	0	0	0	0	0	0	0	0	0	0	0	0	0	0	0	0	0	0	0	0	0	0	0	0	0	0	0	0	0	0	0	0	0	0	0	0
230831-LD-248.06	0.99916220008378	0	0	0	0	0.000449199955079905	0	0	0	0	0	0	0	0	0	0	0	0	0	0	0	0	0	0	0	0	0	0	0	0	0	0	0	0	0	0	0	0	0	0	0	0	0
230831-LD-248.07	0.94395578559972	0.0168779054900894	0	0	0	0.00851905419488093	0	0	0	0	0	0	0	0	0	0	0	0	0	0	0	0	0	0	0	0	0	0	0	0	0	0	0	0	0	0	0	0.000430307788570873	0	0	0	0	0
230831-LD-363.04	0	0.0611080017235375	0.150073526367522	0.000651284654124405	9.38438726238098e-05	8.94481356708425e-05	0	0.0205289093818828	0.0276252644470239	0.11713514488809	0.00216873394086498	0.00175349013847083	0	0	0.0498472481408846	0.0106432036539818	0.00101817535003612	0.0115349248967897	0.0132413908725077	0.0227698151899292	0.0135526703846424	0	0.0374577101992854	0.0011771374654282	0.0439276216354086	0.00194404022405982	0.00332839068492228	0.0136875070600135	0.0160040604342271	0.00107746668568069	0.000549978251324627	0.00115158085523663	0.000606611699509367	0.28006732633389	0	0.00231839345014739	0	0	0	0	0	0.00309470104132955	0.0651508530029786
210125-UC-027.02	0.769091946430848	0.0518161592421377	0	0.000653602499060027	0.00565186303265127	0.00165439688210666	0.0125071241971	0.00180379460188263	0	0.0412414860333673	0	0	0	0	0	0	0	0	0.00583733263647798	0	0	0	0	0	0	0	0.022763964027514	0	0	0	0.00294426733594708	0	0	0.00138606214464174	0	0.0773971370146428	0.00368674694932061	0	0	0	0	0	0
210125-UC-021.04	0.9963671	0.0021507999999998	0	0.0002519999999999	0	0	0	0	0	0	0	0	0	0	0	0	0	0	0	0	0	0	0	0	0	0	0	0	0	0	0	0	0	0	0	0	0	0	0.0012300999999999	0	0	0	0
210125-UC-030.01	0	0.0559855420138063	0	0.00195114375520473	0.000328809948178873	0	0.000628007259263685	0	0.0089461970190165	0.227741140365107	0	0.0506633833929481	0.00594117241256021	0.00366988314743695	0.000117024754738818	0.156020649440228	0.00508975425788595	0	0.0529466273893422	0.0124789846243511	0.00154654739135151	0.000310164954452804	0.0237641412680724	0.00820642947383063	0	0.0130686051318262	0.00120183436028851	0.00280365867421592	0.00249513886626791	0.00274706563443595	0.0241393443476985	0.0179994382373066	0.001898608743471	0	0.0430337422838518	0.0267471209113586	0.00204590419390619	0	0.0100779481381823	0	0	0	0.125684367236623
210125-UC-031.01	0.980788298078831	0.000490300049029905	0.0138842013884201	0	0	0.000967300096729811	0.00152400015239992	0	0	0	0	0	0	0	0	0	0	0	0	0	0	0	0	0	0	0	0	0	0	0	0	0	0	0.00131840013183991	0	0	0	0	0	0	0	0	0
210125-UC-029.02	0	0.0560390563445059	0	0	0.00228748280997021	0	0	0	0.000295141570974971	0.219770063557165	0	0.00533926835543878	0.00288020738035666	0.000542132747788238	0.0879083780736399	0.0323217997993418	0	0.0718721266591375	4.5708965725464e-05	0.000695942739279861	0.00768317528927188	0.000327693950126637	0.049558284560149	0	0.0583512247086667	0	0	0	0	0.016120887600297	0.011346131753313	0.00227554693761446	0	0.00510665447941736	0.0364958286160643	0.00717169603185119	0	0.00642082115275275	0	0	0	0.00338422671755496	0.000132650945043039
201209-UC-015.01	0.100901352306715	0.295212535334526	0	0.0165017055988548	0.159321945405659	0.0454866160095088	0.00017848760892262	0	0	0	0	0	0	0	0	0	0	0	0	0	0	0	0	0	0	0	0	0	0	0	0	0	0	0.00283910647322125	0	0	0	0.158344108527752	0	0	0	0	0
201209-UC-012.04	0.747186054029925	0.00746472120771085	0	0.00145849368389752	0.00148661863072526	0.0761906811341661	0	0	0	0	0	0	0	0	0	0	0	0	0	0	0	0	0	0	0	0	0	0	0	0	0	0	4.1336665622407e-05	0.0108697414606756	0	0	0	0	0.0349043601674686	0	0	0	0
211004-UC-077-02	0.880653843714343	0.0537245833767686	0.0240491882427302	0.000138359190061409	2.86122403164071e-05	0.000468300338884876	0.000300428523322178	0	0.0174680728415615	0.00222965384591519	0	0	0	0.00146142519769948	0.00281930609914912	0	0	0	0.00442649365398488	0.000421780437671137	0.000412276371831771	0.00318256149980963	2.38101859975694e-05	0.000290624329087884	0.000231899206480433	0	0	0	0	0	0	0	0.00151914989232384	0	0.000676089230973012	0	0	2.86122403164071e-05	0	0	0	0	0
211004-LD-117-09	0.713245271324528	0.00263390026338973	0	0	0	0.0801599080159909	0.00470020047002005	0.00316920031691993	0	0	0	0	0	0	0	0	0	0	0	0	0	0	0	0.0478599047859905	0	0	0	0	0.00222840022283992	0	0	0.0617343061734306	0	0.000477300047729905	0	0	0	0.0502377050237704	0	0	0.0335539033553904	0	0
211004-LD-102-12	0.9895584979117	0.00121300024259995	0	0	0	0.00521990104398021	0.000188200037639908	0	0	0	0	0	0	0	0	0	0	0	0	0	0	0	0	0	0	0	0	0	0	0	0	0	4.87000097400016e-05	0.00052880010575992	0	0	0	0	0	0	0	0	0
211004-LD-117-05	0.9216334	0.0022188999999999	0	0	0	0.008116	0.0675398	0	0	0	0	0	0	0	0	0	0	0	0	0	0	0	0	0	0	0	0	0	0	0	0	0	0	0	0	0	0	0	0	0	0.0004800999999999	0	0
211203-LD-136.16	0.0236420927488713	0.0203134125384615	0.219062251341866	0.000626440929181264	0.00225836856855137	0.0227396456677238	0	0.0285486798222596	0	0	0	0	0	0	0	0	0	0	0	0	0	0	0.00784191600089396	0	0	0	0	0	0	0	0	0	0	0.0253975679046162	0.00454054629410462	6.05232772524306e-05	0	0.0103111656743183	0.00733632154926786	0.000239392070190096	0	0	0
211203-LD-202.05	0.154929830985966	0.0143734028746804	8.06000161200028e-05	7.40000147999963e-06	0	0.23487684697537	0.000410600082119917	0.000840000168000034	0	0	0	0	0	0	0	0	0	0	0	0	0	0	0	0	0	0	0	0	0	0	0	0	0	0.226553845310769	0	0.000574400114879923	0	0.366992173398435	0	0	0	0	0
211203-LD-194.08	0.0383012038301202	0.0472097047209705	0.000152100015209902	0.00228230022822993	0	0.0417038041703803	0.000172300017229902	0.125874312587431	0	0.242741524274153	0	0.0979860097986012	0	0	0	0	0.286703828670383	0	0	0	0	0	0	0.0350870035087004	0	0	0	0	0.0125020012501997	0	0.000254500025449903	0	0.000217700021769903	0.00185380018537992	0	0	0	0	0	0	0	0	0
211203-LD-202.04	0.00583170058316997	0.539542753954276	0.000689500068949908	0	0	0.0351572035157202	0.000555000055499906	0	0	1.77000017699996e-05	0	0	0	0	0	0	0	2.55000025499992e-05	0	0	0	0	0	0	0	0	0	0	0	0	0	0	0.00269980026997983	0.411479041147905	0	6.73000067300006e-05	0	3.40000033999996e-05	0	0	0	0	0
211106-UC-037.05	0	0	0	0	0	0.295112670488733	0	0	0	0	0	0	0	0	0	0	0	0	0	0	0	0	0	0	0	0	0	0	0	0	0	0	0.655126734487327	0	0	0	0	0	0	0	0	0	0
211106-UC-007.01	0	0.000523930178513212	0	0	3.71861625511037e-05	0.0556095170400396	0.932499636188452	0	0	0	0	0	0	0	0	0	0	0	0	0	0	0	0	0	0	0	0	0	0	0	0	0	0	0	0	0	0	0	0	0	0	0	0
211106-UC-081.02	0.00264134021567631	0.0420734829111277	0.000582386712458206	0.00106479936696288	0	0	0	0.00077139471026646	0.0471704141032558	0.0300050196520599	0.00172074091600668	0.0442916500479682	0.00275202162325961	0.0897961402099508	0	0.00349827733874392	0.00169455446310837	0.00811361056601271	0.142931479130736	0.000747535942070221	0.0249314816911888	0.0343171719468837	0.0704220057449592	0.00598494290596778	0.00713540106996668	0.00432798055079764	0.01544605014601	0	0.00312282179629958	0.000447846536678555	0.0262796766706288	0.00312619693911781	6.1916413075117e-05	0	0	0.0439345832146704	0.0348230942168793	0	0.0343606996508127	0	0.00117920507006961	0.0049008237559777	0.004074379302507
211106-UC-084.02	0.00308896886628096	0.00100304251994392	0.0339913674331586	0	0	3.82452567793465e-05	0	0	0.00186720045182543	0.0659380579359024	0	0	0	0	0.000656408772699197	0	0	0	0.0234627139943437	0	0	0.302354752371784	0.00107514233937096	0.00106982728857988	0	0	0	0	0.00104775827333851	0.00491584425884391	0.157340639756488	0.00099680311249363	0	0.000213757477467536	0	0.289225537016556	0.000709443736027658	0.000485287246142661	0	0	0	0	0
211106-UC-085.04	0	0.409273968264254	0	0.00538736745641214	0.0440398115082582	0	0	0.368551341651532	0	0	0	0	0	0	0	0	0	0	0	0	0	0	0	0	0	0	0	0	0	0	0	0	0	0	0	0	0	0	0	0.0222139647070564	0	0	0
211106-UC-085.01	0.00338439641979102	0.000595280793950408	0.6292995405933	0	0.000846599340908909	0.00811682870810163	0	0	0.0238641567227261	0.0335237131354859	0.00188018688415316	0.0122022558040627	0	0.00569438604189578	0.00794344692391403	0	0	0	0.156017093262892	0	0	0	0	0.00458356206622665	0	0.00252939311473213	0	0	0	0.010734963682369	0	0	0.000298140632936457	0	0	0.00803208873625661	0	0	0.0114555035610298	0.0200031354790055	0.000584575744378325	0.0201122869657617	0
211106-LD-171.01	0	0.108555478827694	0.865353503482507	0.00750505162129417	0	0	0	0	0.00227746739385345	0	0	0	0	0	0	0	0	0	0	0	0	0.000488635914739634	0.000538239560607604	0	0	0	0	0	0	0	0	0	0	0.00796478541172777	0	0	0.000376727689485077	0.000948669727224852	0.00106967862137867	0	0	0	0
221007-UC-160.01	0.00136248618011418	0.000763299847228636	0.040523491756837	0.00194669791366386	0	0	0	3.94600928445357e-06	0.311284888413436	0.0127695895836684	0	0	0	0.0173336046299029	0	0	0	0.0046914003203147	0.333393872535605	0	0	0.0646977564306546	0.00294898427191506	0.001798166077008	0.00152710559308359	0.000690551624779344	0.00571624975729506	0.000150353071710119	0	0	0.00887953268727376	0.00314760007256602	0	0	0.00235172035380922	0.0101619857047214	7.46706372288977e-05	0	0.000870449176260348	0	0	0	0.0242474176151676
221007-UC-154.05	1	0	0	0	0	0	0	0	0	0	0	0	0	0	0	0	0	0	0	0	0	0	0	0	0	0	0	0	0	0	0	0	0	0	0	0	0	0	0	0	0	0	0
221007-UC-102.05	0.775404244919151	0.0145689970862004	0	0	0	0	0	0.0562350887529822	0	0	0	0	0	0	0	0	0	0	0	0	0	0	0	0	0	0	0	0	0	0	0	0	0.000109999977999904	0	0	0	0	0.0107124978575003	0.142803571439286	0	0	0	0
221007-LD-403.04	0.0451493090298618	0.000598400119679924	0	0	0	0	0.927988385597677	0.0194655038931007	0	0	0	0	0	0	0	0	0	0	0	0	0	0	0	0	0	0	0	0	0	0	0	0	0.00193790038757998	0.0026057005211401	0	0	0	0	0	0	0	0	0
221007-LD-404.06	0.320938858290279	0.0784712736149744	0.0086645806950521	0.000480085411129007	0.000238181129352781	0	0	0.215642774593812	0	0	0	0	0	0	0	0	0	0	0	0	0	0	0	0	0	0	0	0	0	0	0	0	0	0.0289749809188439	0	0.210157665442555	0	0.101610062171614	0.00560233813972177	0.00209251228766072	0	0	0
221007-UC-159.01	0	0.138019156469192	0.148329624528023	0.00125871360497258	8.09310669637139e-05	0.00158051094266164	0.000138738971937689	0.00285817269426472	0.00847677990271772	0.170866143333845	0.00273645493879162	0.0144096908315486	5.98418868157613e-05	0.00204008378720516	0.0129484354558149	0.00165801635599715	0.0196113317624569	0.0262887870970188	0.00790416048844646	0.0103939683660157	0.0332656659690111	0.00341666128731977	0.00650199763779756	0.00034856025665843	0.0608031038134702	0.00388051619889894	0.0016495592736029	0	0.00426065669994136	9.249264795853e-05	0.000303277397762066	0.000846457601166677	0.00095436569045163	0.0431961005784753	0.00375323175628019	0.000234443170172557	0	0.0160547539347647	0.00065868896167679	0	0	0.0105093700726122	0.0420368379803934
221005-HT-099.02	0	0.301490458168351	0.045596839621413	0	0.000944423465327437	0	0	0.000862236520536726	0.0114624845134165	0.0600879960674792	0	0.0177943037183263	0.000245419349027409	0.00271206540669515	0.00022777821188801	0.006449495966769	0	0.00311386824789369	0.0476330419328792	0.00437780383823411	0.0060918997398139	0.00129465192324186	0.0277939228773068	0.000886830341137049	0	0.00128894449652029	0.000281843108650519	0.000367765823658883	0	0.00192163869145517	0.00811087599972057	0.00578546281056306	0	0.115417658591488	0	0.00125469993619087	0.000823944875804737	0.168557537139523	0.00451478207955179	0.03928701995223	0	0.006233340151114	0.0413948245262033
210828-UC-072.01	0	0	0	0	0	0	0	0	0	0	0	0	0	0	0	0	0	0	0	0	0	0	0	0	0	0	0	0	0	0	0	0	0	0	0	0	0	0	0	0	0	0	0
210828-LD-060.05	0.9729044	0.0269066	0	0	0	0	0.0001036	0	0	0	0	0	0	0	0	0	0	0	0	0	0	0	0	0	0	0	0	0	0	0	0	0	0	0	0	0	0	0	0	0	0	0	0
EP-SM-24S-UC4-1	0.000235063859727112	0.271364832460131	0.34147420390407	0.00167364186541799	0.00941024389290481	0.00394599704189041	0	0.0125700959682114	0.0131907030054106	0.00920081171256672	0.00914239284329341	0.00540176963250465	0	0	0.0188677995940157	0.000787319751889513	0	0	0.0117774362831156	0.0068412020275086	0.0039316860208986	0.00626299405996503	0.00796824832996242	0.000482943559148681	0	0	0	0	0.00922879296256584	0	0.023624505295238	0.00227844270032723	0	0.00162440768125876	0.00233280322036421	0.00576638027180893	0.00724426018589593	0.0188397115453522	0	0.00111593924138549	0.0515794828231973	0	0
EP-SM-24S-UC2-1	0.176260166119427	0.0358378072302385	0.0018576518614792	0.520187558350659	0.01230158697139	0	0.00010713221821512	0.00031494791918008	3.03714638047036e-05	0.00563255438156205	0.000148424927566138	0.000349687881203375	0.000109420479186707	9.93313285393581e-05	0.000165170837403562	8.04011695925896e-05	0	0.00064081708390679	0	3.57800806466374e-05	0.00031827629877522	5.38781446946453e-05	0.000582258405406521	0	0.000306106910880871	9.26745693492853e-05	1.39375895542129e-05	0	0	6.89598647346532e-05	8.84100829931452e-05	8.32094898758862e-06	8.60178101592126e-05	0.0154958952758644	0	0	0	0.0161246469837393	0.00363802290923678	7.44724934389322e-05	0	0	0
EP-SM-24S-UC1-1	0.926058207394179	0	0	0	0	0.0720898927910107	0	0	0	0	0	0	0	0	0	0	0	0	0	0	0	0	0	0	0	0	0	0	0	0	0	0	0	0	0	0	0	0	0	0	0	0	0
220610-LD-318.06	0	0	0	0	0	0	0	0	0	0	0	0	0	0	0	0	0	0	0	0	0	0	0	0	0	0	0	0	0	0	0	0	0.0954664	0	0	0	0	0	0	0	0	0	0
220610-UC-135.01	0.00216846358539882	0.0357234015357053	0.805366694434861	0	0	0.153097415874993	0	0	0.000302324714774863	0	0	0.00150140583997586	0	0	0	0	0	0	0.000194938334974181	0	0	0.00011990811252009	0	0	0	0	0	0	0	0.000197743203103306	0	0	0	0	0.000181615211360838	0	0	0	2.00347723508922e-06	0	0	0.00110842378031311	3.56618947845881e-05
EP-SM-24S-UC1-2	0.9522866	0	0	0	0	0.0476526999999999	0	0	0	0	0	0	0	0	0	0	0	0	0	0	0	0	0	0	0	0	0	0	0	0	0	0	0	0	0	0	0	0	0	0	0	0	0
EP-SM-24S-UC3-4	0.455782846231925	0.138576704025885	0	0.00258589937627165	0.00210178220095519	0	0	0.000770965921878724	0.00438826389189948	0.0728144186604858	0	0	0.0730589803842542	0.00149463854874347	0.000112694383164845	0.0064969696608187	0	0	0.00466776300477729	0.035775992964803	0	0.00385706645442894	0.0632070627210284	0.00869174070534961	0	0.00195936973376102	0.00259282294423547	0.00870377706196374	0.000343302454575164	0.00924764995462927	0.0104358407336508	0.0106352394910091	0	0.00151178769400738	0.00353751716379119	0.0173745340305615	0	0.00164397458390135	0	0	0	0	0
EP-SM-24S-UC3-1	4.9678711822971e-05	0.0149230031595887	2.75355446593764e-06	1.74391782842762e-05	0.000434717411309792	0	0	0	0.0136058862733817	0.0113226159639379	0	1.28499208410446e-05	0.00689099951388285	0.308209022778438	0.0569328363320501	0.00265947468835204	0.000380793636351947	0.0458765120312551	0.036617799870973	0.000408788106755654	0	0.00714639169059863	0.107445530963893	0.00731389958727666	0.0205075558108204	0.00111553375301317	0.0184132481766021	0.0129859923242376	0.0154005153965572	0.0333620659093093	0.00760979196092839	0.0188377544901008	0.00243207698203996	0	0.0467008573994954	0.0394494864448825	0.00244963089176032	0	0.0134841562197003	0	0	4.55483801240632e-05	0
EP-SM-24S-UC2-2	0.246424119690086	0.308285928819712	0	0.00407024094788511	0.0021678249519819	0	0	0.0180694319483994	0	0	0	0	0	0	0	0	0	0	0	0	0	0	0	0	0	0	0	0	0.00782458590067963	0	0	0	0.00123693245578412	0.0050058603182534	0	0	0	0	0.0863700482724483	0	0.242125077917995	0	0
220610-UC-131.01	0.9773980045204	0.0103644979271003	0	0	0	0.00408409918318007	0.00183219963355998	0	0	0	0	0	0	0	0	0	0	0	0	0	0	0	0	0	0	0	0	0	0	0	0	0	0.00512549897490011	0	0	0	0	0	0	0	0	0	0
220610-UC-136.01	0	0.00776103395600347	0.033630530482852	8.73190319229989e-05	0	0	0	0	0.014054540848657	0	0	0.00384647735538774	0.0028373752096334	0.0558421242303161	0	0.00136133824063005	0	0.033634477105764	0.103427050005439	0	0	0.0192642064241648	0.0172363822393088	0	0	0.0115712517133894	0.00496411163121574	0	0	0.0242978772842007	0.00259182126534134	0.00700402234873881	0	0	0.00119693672996134	0.00180348333871461	0.0250795552846639	0	0.0252860129957361	0	0.000281690210327747	0	0.00558940469879994
220610-LD-312.07	0.742508060339286	0.0098906141159383	0	0.000148108358839115	0	0.109095275233198	0	0	0	0	0	0	0	0	0	0	0	0	0	0	0	0	0	0	0	0	0	0	0	0	0	0	0	0	0	0	0	0	0	0	0	0	0
210226-UC-039.01	0.0125467365771083	0.0934909934946551	0.023969864934038	0.000808758286444088	0.0212721401741193	0.00587631123681434	0	0	0.0385043496551632	0.0345204662441593	6.05736658982901e-05	0.00831323641103021	0.0191934649667877	0.0188450665411704	0.00335405041459682	0.0029148580546002	0.00180735843568163	0.0024083024529671	0.124580860185995	0.000834851557907967	0.0156489070447172	0.0477481573291144	0.11296496112968	0.000504292409720148	0.0148850132097187	0.000318843801816148	0.10373353444678	0.007368287223017	0.000654062462765507	0.000181321610886621	0.00185661614201638	0.00178619093485111	0	0	0.000474471528047143	0.00974383995771821	0.00104998791854893	0	0.000373692923464844	0	0	0.000591225604954399	0.00312852999694459
210226-UC-034.05	0.9888301	0	0	0	0	0	0.0111698999999999	0	0	0	0	0	0	0	0	0	0	0	0	0	0	0	0	0	0	0	0	0	0	0	0	0	0	0	0	0	0	0	0	0	0	0	0
210226-UC-041.02	0.00408788814250959	0.00178313546540217	0.533105813262041	0	5.56979392563885e-05	0.0538847509460634	0	0.0154486649324169	0.0585508558248826	0	0	0	0	0	0	0.0344539838852639	0	0	0.0552961327197744	0	0	0	0	0.0125353421456289	0	0.00141649075734762	0	0	0	0	0	0	0	0.000818138614940513	0	0.0113029751515062	0	6.46136165834001e-05	0.00139785799349577	0.042755982118958	0	0	0
210226-UC-033.02	0	0.0207521251055106	0.0718941831975474	0	0	0	0	0	0.00325414803755056	0.304118694767282	0	0.031040454533319	0.103984354623068	0.000198314086384205	0.00729449269588031	0.0424739996755095	0	0.0119102691013048	1.29642218283607e-05	0	0	0.00198070204983589	0.040042887186112	0.00066862011390019	0.0148494250560157	0.0291896514190305	0	0	0.00965385271001017	0	0.00199328119576823	0.00495400140064929	0.000186248374979592	0	0.0205684439031705	0.0258799240938395	0.00299319493876768	0	0	0	0	0.00769317460676053	0.109292625847938
220418-UC-127.01	0.241240024124002	0	0	0	0	0.164733716473372	0.0108880010888001	0	0	0	0	0	0	0	0	0	0	0	0	0	0	0	0	0	0	0	0	0	0	0	0	0	0	0.228961222896122	0	0	0	0.00406670040666994	0	0	0	0	0
210226-UC-038.02	0.661899189625683	0.0347787802063073	0.0481243185082623	0.000380584679177369	0.00471989972624085	0.0252173642039045	0	0.00605118473097111	0	0	0	0	0	0	0	0	0	0	0	0	0	0	0	0.0181307130211834	0	0	0	0	0	0	0.0380939986293266	0	0	0.0280157630479177	0	0.0365377534621378	0	0	0	0	0	0	0
220418-LD-312.05	0.9655855	0.0003318999999999	0	0	0	0.0019387999999999	0	0	0	0	0	0	0	0	0	0	0	0	0	0	0	0	0	0	0	0	0	0	0	0	0	0	1.02999999999997e-05	0.0302983	0	0	0	0	0	0	0	0	0
220418-LD-318.01	0	0.0611969	0.0038612	0	0	0.0153803	0	0	0	0	0	0	0	0	0	0	0	0	0	0	0	0	0	0.0032909	0	0	0	0	0	0	0	0	0	0	0	0.0028487	0	0.5533145	0	0	0.0053352	0	0
220418-UC-128.01	0	0.00261418041463451	0.062264828195312	0	0	0	0	0	0.102218149032282	0.0571926401723948	0	0.0670927263975598	0.0029288114830434	0.0404869747435557	0.0517885531935374	0.0490065187545132	0.00201005829054759	0.00535710816719027	0.0736914718601365	0.168442529232567	0.0103819364691561	0.0109398416001441	0.00833416815951332	0.00154941199668699	0.010594991728555	0.0032643925620605	0.000119859454631864	0.00202669132927286	0.0212257889297855	0.00397593110417593	0.000308028640822863	0	0	0	0.00130626490386917	0.00636385140424117	4.29157793067475e-05	0	0	0	0	0.011301959359265	0
220418-LD-279.08	0	0.00170440034087997	0	0	0	0.00153550030709996	0.99643989928798	0	0	0	0	0	0	0	0	0	0	0	0	0	0	0	0	0	0	0	0	0	0	0	0	0	0	0	0	0	0	0	0	0	0	0	0
220418-UC-128.03	0.0186836428800796	0.0996933235419379	0.163873494418727	0.00302525257753455	0.00467956341083919	0.00107429299673666	0	0.0152145151058204	0.092894242996209	0	0	0	0	0.00142270104278769	0	0	0	0	0.186018631883582	0	0	0.00652815460115594	0	0.0062702991865215	0	0.021454490662884	0	0	0	0.0184807882554282	0	0	0.000273958307518933	0	0.0500763371230551	0.066372778415097	0	0.0407756617112629	0	0.00012401318806004	0	0.173098047064156	0
210630-LD-011.04	0	0.103538954986507	0.413938485664924	0.000108014635782278	0.00115433113091204	0.00882226603261946	0	0.0187748710976828	0.028692341290512	0.0264563580215374	0.00617771439223751	0.0200783748575658	0.000576111519288897	0.000500320580612699	0.00931244769295901	0.0312283763683654	0.000107613094385317	0.00672401146280229	0.0306776623424339	0.00770196553509963	0.00486065861020693	0.00669941705223836	0.00465918521428179	0.00025819111824551	0.0022291570652263	0.000812820172797221	0	0.00127368931115865	0.00177461220386669	0.00300563774159869	8.82387219820718e-05	0.000286499786731227	0	0.0156429485867398	0.000613956795952526	0.000713438677049493	0	0.157000477733878	0.00147174960520942	0.0277002328839717	0.000260901522675094	0.0178947927408946	0.0015655095213997
210630-LD-020.01	0.0176642464449836	0.00410514181794659	0.459767879238853	3.73203806598776e-05	0	0	0	0.0149060401885468	0.218371852868852	0.00323536683382796	0.000555103141825553	9.00491758549337e-05	0	0	0	0.000719592969720667	0.00553312163772638	0	0	0	0	0	0.00234958310733472	0.00398497619550037	0	0	0	0	0.000283754958582783	0	0.00851605061524081	0	0	0.00150852380484973	0.00305616897387664	0.000430134896666971	0.000977833995144651	0.000113762125496634	0.184513562856676	0.000485064893938481	0.000578015654348742	0	0
210630-UC-058.03	0.338604239530773	0.000572813712023252	0	0	0	0.0241893971604328	0	0.000125242835319452	0	0	0	0	0	0	0	0	0	0	0	0	0	0	0	0.0127867260428493	0	0	0	0	0	0	0	0	0	0	0	0	0	0.0340508518336726	0.409878660363723	0	0	0	0
220614-LD-330.05	0.9759834	0.0033702999999999	0.0004927999999999	0	0	0	0	0	0	0	0	0	0	0	0	0	0	0	0	0	0	0	0	0	0	0	0	0	0	0	0	0	0	0	0	0	0	0	0	0	0	0	0
220614-LD-317.11	0.886376288637629	0.100886110088611	0	0	0	0.01125780112578	0	0	0	0	0	0	0	0	0	0	0	0	0	0	0	0	0	0	0	0	0	0	0	0	0	0	0	0	0	0	0	0.000737300073729907	0	0	0	0	0
220614-LD-315.05	0.0682215338387649	0.57580045126172	0	0.000932735861132622	0	0.00229059077514701	0	0.13155184292267	0	0	0	0	0	0	0	0	0	0	0	0	0	0	0	0.0135983967167698	0	0	0	0	0.0456262707335753	0	0	0	0.000333800152345087	0	0	0.0313475431957947	0	0.00831783869112651	0	0	0	0	0
220614-LD-330.08	0.98626269862627	0.000791100079110008	0	0	0	0.00351060035105994	0.000844500084450009	0	0	0	0	0	0	0	0	0	0	0	0	0	0	0	0	0	0	0	0	0	0	0	0	0	0.00676270067627007	0.00126500012649991	0	0	0	0	0	0	0	0	0
220614-LD-315.04	0.0158023910044155	0.190624696893089	0.0746008136271043	0.0114887548549487	0.0474355864914966	0	0	0.0512130459974354	0	0	0.00323310632190673	0	0	0	0	0	0	0	0	0	0	0	0	0	0	0	0	0	0	0	0	0	0	0	0	0.00355137816101224	0	0	0.108608374269695	0.00920504709227402	0.00161026744544117	0	0
220107-UC-110.01	0	0.0015273999999998	0.1315837	0	0	0	0.0207554	0.120866	0.2860236	0	0	0	0	0	0	0	0	0.0240556	0.1704569	0	0	0	0.1120673	0.00576070000000001	0	0	0	0	0	0	0.0331402	0	0	0	0.0022714999999999	0.0114288999999998	0.00849290000000001	0	0.0205384	0	0	0	0
220107-UC-106.01	0.570349993291523	0.00418366004190208	0	0	0	0.0557104621280665	0.0175682544542568	0.0360533341131221	0	0.0501195270007603	0	0	0	0.000188998441569057	0	0	0	0	0.0127716933228291	0	0.000494427663695335	0.0529343996945063	0	0.00947755154346578	0	0.0186993423972313	0.026746612219061	0.00951765189540281	0	0	0.0131148577286817	0.00139985705783385	0.000335531362990429	0.00608600783687736	0.00687457641987499	0.0295410584600777	0	0.00281304506376494	0	0	0	0	0
220107-UC-108.01	0	0.367222973677792	0.0299769347681965	0.000174788852479826	0.0011363430637488	0	0	8.22218831332852e-05	0.0813505251424394	0.129828892274031	0.00281310912083148	0	0	0	0.00768327397840112	0.0132170330120322	0.00222688756874063	0.0441255643460054	0.0657270742113382	0.00744943192545335	0.010765786386039	0	0.0191841002921626	0.00500357336519612	0	0	0.00330967325907287	0.00166566664166594	0.00408620129296317	0.00225027177403563	0.00759124581562787	0.006512447293941	0	0	0.0200237764564804	0.0052422646773064	0	0	0.0311157563421846	0	0	0.00981048233102385	0
210305-UC-036.01	0.0536261570498032	0.0107288322262656	0.0086887697441008	0.00381386460310543	7.81177092846931e-05	0.846096710124186	0	0	0.000102923332719428	0	0	0	0	0	0	0	0	0.000381186414960172	0	0	0	0	0	0	0	0	0	0	0.000120327278193867	0	0	0	0.00119527096792833	0.071602432271396	1.91043309518265e-05	0	0	0	0.0010876465694772	0	0	0	0
210305-UC-036.04	0.547127144185958	0.100364159745782	0	0.00656184268955658	3.37351790447075e-05	0.114199887642834	0	0.00686135502101593	0	0	0	0	0	0	0	0	0	0	0	0	0	0	0	0.0063357068751294	0	0	0.00467757777810692	0	0.0144899100782295	0	0	0	0	0.139197955628129	0	0.00476396786569025	0	0	0	0.00737939523334925	0.0360543975257399	0	0
210305-UC-031.03	0.967581	0.0234807	0	0	0	0	0.0003220999999999	0	0	0	0	0	0	0	0	0	0	0	0	0	0	0	0	0	0	0	0	0	0	0	0	0	0.0072748999999999	0	0	0	0	0	0	0	0	0	0
211004-UC-082.02	0	0.00350013875658856	0	0.0366087910041458	0.00576004848001871	0.926560143441719	0	0	0	0	0	0	0	0	0	0	0	0	0	0	0	0	0	0	0	0	0	0	0	0	0	0	0.00334650632436559	0	0	0	0	0	0	0	0	0	0
