feature	Enterococcaceae	Streptococcaceae	Bifidobacteriaceae	Saccharomycetaceae	Micrococcaceae	Actinomycetaceae	Lactobacillaceae	Staphylococcaceae	Veillonellaceae	Bacteroidaceae	Lachnospiraceae	Oscillospiraceae	Clostridiaceae	Rikenellaceae	Coriobacteriaceae	Eubacteriales_unclassified	Tannerellaceae	Peptostreptococcaceae	Desulfovibrionaceae	Eubacteriales_Family_XIII_Incertae_Sedis	Sutterellaceae	Eubacteriaceae	Erysipelotrichaceae	Eggerthellaceae	Enterobacteriaceae	Acidaminococcaceae	Eubacteriales_incertae_sedis
220325-LD-037.04	-0.0915034056444755	-4.14051763238592	-7.84520009838048	-11.2609123202061	-18.4989462015671	-16.6314449890247	-19.3466060686035	-17.5627108898534	-18.9511742187824	-16.9580071513811	-16.7858909698591	-15.9625213842337	-14.8483552010752	-14.9964676909796	-16.2591430830832	-18.0771195366256	-19.2473999552595	-16.6151410700316	-14.9264708811837	-17.8271855015068	-15.132446627779	-15.1116981096071	-15.0121503648098	-16.6757407401323	-19.9290624523733	-16.8992197797449	-15.7752571162942
230426-LD-438.03	-0.0456325369929894	-13.0677529754158	-16.6024446844936	-15.0079439579559	-7.8591044793056	-9.12323288594864	-9.19941475912124	-9.84027464136657	-16.1324472841644	-16.9580071513811	-16.7858909698591	-15.9625213842337	-14.8483552010752	-14.9964676909796	-16.2591430830832	-18.0771195366256	-19.2473999552595	-16.6151410700316	-14.9264708811837	-17.8271855015068	-15.132446627779	-15.1116981096071	-15.0121503648098	-16.6757407401323	-19.9290624523733	-16.8992197797449	-15.7752571162942
230426-LD-456.01	-15.2970127097091	-15.5120296778104	-16.6024446844936	-15.0079439579559	-18.4989462015671	-16.6314449890247	-19.3466060686035	-17.5627108898534	-18.9511742187824	-16.9580071513811	-16.7858909698591	-15.9625213842337	-14.8483552010752	-14.9964676909796	-16.2591430830832	-18.0771195366256	-19.2473999552595	-16.6151410700316	-14.9264708811837	-17.8271855015068	-15.132446627779	-15.1116981096071	-15.0121503648098	-16.6757407401323	-19.9290624523733	-16.8992197797449	-15.7752571162942
230426-HT-119.01	-15.2970127097091	-15.5120296778104	-7.61888626667785	-15.0079439579559	-18.4989462015671	-16.6314449890247	-19.3466060686035	-17.5627108898534	-4.64499755562158	-2.34641632847855	-1.93089464192424	-2.68862877984409	-4.1377737284051	-4.24787043669215	-5.51461134775631	-6.01958349315174	-6.50319026351859	-6.85997769028306	-7.52575315889538	-7.8896020844286	-8.83990979714299	-8.71229910887496	-9.35273688770212	-9.3186624370374	-19.9290624523733	-16.8992197797449	-15.7752571162942
230426-LD-456.05	-15.2970127097091	-2.10780764250026	-16.6024446844936	-15.0079439579559	-18.4989462015671	-16.6314449890247	-19.3466060686035	-0.380820468985112	-18.9511742187824	-16.9580071513811	-16.7858909698591	-15.9625213842337	-14.8483552010752	-14.9964676909796	-16.2591430830832	-18.0771195366256	-19.2473999552595	-16.6151410700316	-14.9264708811837	-17.8271855015068	-15.132446627779	-15.1116981096071	-15.0121503648098	-16.6757407401323	-19.9290624523733	-16.8992197797449	-15.7752571162942
230426-LD-463.01	-1.21010704559865	-15.5120296778104	-16.6024446844936	-15.0079439579559	-18.4989462015671	-16.6314449890247	-0.81684927345009	-17.5627108898534	-18.9511742187824	-16.9580071513811	-16.7858909698591	-15.9625213842337	-14.8483552010752	-14.9964676909796	-16.2591430830832	-18.0771195366256	-19.2473999552595	-16.6151410700316	-14.9264708811837	-17.8271855015068	-15.132446627779	-15.1116981096071	-15.0121503648098	-16.6757407401323	-19.9290624523733	-16.8992197797449	-15.7752571162942
230809-LD-492.01	-0.0657231057037598	-4.59542468145897	-16.6024446844936	-15.0079439579559	-12.969250914383	-16.6314449890247	-9.35735350343721	-9.36285238059254	-18.9511742187824	-16.9580071513811	-16.7858909698591	-15.9625213842337	-14.8483552010752	-14.9964676909796	-16.2591430830832	-18.0771195366256	-19.2473999552595	-16.6151410700316	-14.9264708811837	-17.8271855015068	-15.132446627779	-15.1116981096071	-15.0121503648098	-16.6757407401323	-19.9290624523733	-16.8992197797449	-15.7752571162942
230809-UC-198.01	-15.2970127097091	-4.65599633618781	-9.14249497994919	-15.0079439579559	-18.4989462015671	-5.92115321428418	-19.3466060686035	-17.5627108898534	-18.9511742187824	-16.9580071513811	-0.322424396480038	-6.28473997619717	-8.5500701999059	-13.9964676909796	-16.2591430830832	-7.92825860440769	-19.2473999552595	-11.457232463916	-14.9264708811837	-8.13652751029764	-15.132446627779	-15.1116981096071	-4.46766236930163	-3.84153321678459	-19.9290624523733	-16.8992197797449	-15.7752571162942
230809-LD-482.02	-4.7626262062021	-8.24563717852336	-0.278865716624381	-15.0079439579559	-9.27720105741594	-11.3674190793384	-2.93025934368695	-17.5627108898534	-18.9511742187824	-16.9580071513811	-8.74199106841912	-15.9625213842337	-14.8483552010752	-14.9964676909796	-16.2591430830832	-18.0771195366256	-19.2473999552595	-16.6151410700316	-14.9264708811837	-17.8271855015068	-15.132446627779	-15.1116981096071	-13.1397544981636	-16.6757407401323	-19.9290624523733	-16.8992197797449	-15.7752571162942
230809-LD-496.02	-8.1870443574458	-3.88475677356808	-3.18439707949279	-15.0079439579559	-11.0512261488075	-9.09490461351795	-5.52767154288271	-17.5627108898534	-4.69364115868952	-3.14362993110706	-2.37646000220645	-1.85156645422216	-9.15730933364573	-4.67574684036408	-16.2591430830832	-7.22692102762893	-5.09315773572173	-16.6151410700316	-14.9264708811837	-9.89956120022281	-10.2423746800356	-15.1116981096071	-5.18148864961764	-7.30194705375085	-6.55565868051357	-16.8992197797449	-15.7752571162942
230809-LD-331.02	-15.2970127097091	-5.88548736825117	-0.471632515177271	-15.0079439579559	-18.4989462015671	-11.8029091956581	-5.1065887266232	-17.5627108898534	-6.9076524628317	-4.75648265608501	-3.86431536294581	-5.66380181886173	-8.66553499780456	-7.45017213973627	-16.2591430830832	-12.6475993002996	-8.85928065464658	-11.289526258595	-14.9264708811837	-17.8271855015068	-15.132446627779	-11.1278795182434	-6.25011543275382	-6.84844592653832	-19.9290624523733	-16.8992197797449	-15.7752571162942
230809-LD-491.01	-2.80624067573567	-2.15117750814242	-5.5905557597073	-15.0079439579559	-9.17277162714096	-7.93513283830139	-1.42292596806617	-4.40081182256031	-11.1896286027121	-8.43690124956111	-11.8118774727313	-15.9625213842337	-4.21882798525776	-9.58268110788132	-8.2999494783911	-18.0771195366256	-19.2473999552595	-16.6151410700316	-10.632076928119	-17.8271855015068	-15.132446627779	-15.1116981096071	-15.0121503648098	-8.24128206890348	-8.62935851703037	-16.8992197797449	-15.7752571162942
230809-LD-492.03	-0.0229840543020287	-9.4555312318074	-16.6024446844936	-15.0079439579559	-9.37305218979511	-9.7130053331339	-6.42314239286102	-15.1190703439907	-18.9511742187824	-16.9580071513811	-16.7858909698591	-15.9625213842337	-14.8483552010752	-14.9964676909796	-16.2591430830832	-18.0771195366256	-19.2473999552595	-16.6151410700316	-14.9264708811837	-17.8271855015068	-15.132446627779	-15.1116981096071	-15.0121503648098	-16.6757407401323	-19.9290624523733	-16.8992197797449	-15.7752571162942
230809-UC-196.01	-15.2970127097091	-5.40200287762547	-0.128848029371211	-11.877901023137	-9.81183614537344	-16.6314449890247	-8.41891372840954	-17.5627108898534	-4.15811484528924	-16.9580071513811	-16.7858909698591	-15.9625213842337	-14.8483552010752	-14.9964676909796	-16.2591430830832	-18.0771195366256	-19.2473999552595	-16.6151410700316	-14.9264708811837	-17.8271855015068	-15.132446627779	-15.1116981096071	-15.0121503648098	-16.6757407401323	-19.9290624523733	-16.8992197797449	-15.7752571162942
230809-LD-499.05	-15.2970127097091	-15.5120296778104	-16.6024446844936	-15.0079439579559	-18.4989462015671	-16.6314449890247	-19.3466060686035	-0.00491496848358195	-18.9511742187824	-16.9580071513811	-16.7858909698591	-15.9625213842337	-14.8483552010752	-14.9964676909796	-16.2591430830832	-18.0771195366256	-19.2473999552595	-16.6151410700316	-14.9264708811837	-17.8271855015068	-15.132446627779	-15.1116981096071	-15.0121503648098	-16.6757407401323	-19.9290624523733	-16.8992197797449	-15.7752571162942
230809-UC-194.01	-0.958638172170597	-4.01818413755396	-12.102735383385	-15.0079439579559	-7.0038798854849	-8.70118840898691	-1.29882365814203	-17.5627108898534	-9.76748122240133	-16.9580071513811	-9.99025268521838	-15.9625213842337	-10.921169707441	-14.9964676909796	-16.2591430830832	-18.0771195366256	-19.2473999552595	-16.6151410700316	-14.9264708811837	-17.8271855015068	-15.132446627779	-15.1116981096071	-8.32468294140529	-16.6757407401323	-19.9290624523733	-11.1411750713742	-15.7752571162942
230809-LD-499.10	-15.2970127097091	-3.88195609335824	-8.08220256633282	-15.0079439579559	-18.4989462015671	-16.6314449890247	-5.65383076059897	-0.172431172588341	-18.9511742187824	-16.9580071513811	-16.7858909698591	-15.9625213842337	-14.8483552010752	-14.9964676909796	-16.2591430830832	-18.0771195366256	-19.2473999552595	-16.6151410700316	-14.9264708811837	-17.8271855015068	-15.132446627779	-15.1116981096071	-15.0121503648098	-16.6757407401323	-19.9290624523733	-16.8992197797449	-15.7752571162942
230809-UC-187.01	-7.5483968806654	-5.53683361622237	-7.36395063458501	-15.0079439579559	-18.4989462015671	-16.6314449890247	-2.15570406293389	-17.5627108898534	-1.84841731086044	-5.89209235013063	-6.76157750231559	-9.25634076641408	-7.77855903703594	-10.0101333193787	-16.2591430830832	-18.0771195366256	-1.7628211214227	-16.6151410700316	-11.6244980534939	-13.9820500581116	-15.132446627779	-15.1116981096071	-3.31550036871694	-9.04878093567983	-4.97414905938219	-16.8992197797449	-15.7752571162942
230809-LD-331.03	-15.2970127097091	-5.19693144316271	-2.35941391401051	-13.5567631414035	-12.3400354232049	-9.24984347771453	-0.960254144111013	-17.5627108898534	-5.25741236249075	-4.40173675698765	-3.33595363147346	-9.71337069111823	-5.69976720963494	-12.4968624357784	-16.2591430830832	-7.18159367700439	-4.68293935968093	-7.73314971918273	-14.9264708811837	-17.8271855015068	-15.132446627779	-11.8643715649743	-6.23390218352709	-7.97600412556504	-14.9754028773625	-16.8992197797449	-15.7752571162942
220706-LD-136.14	-4.73692720568324	-9.82948664766129	-0.104401572589521	-15.0079439579559	-18.4989462015671	-12.4059391933432	-8.33143450077973	-17.5627108898534	-9.30052828005115	-16.9580071513811	-6.13158443892635	-15.9625213842337	-14.8483552010752	-14.9964676909796	-16.2591430830832	-18.0771195366256	-19.2473999552595	-16.6151410700316	-14.9264708811837	-13.7255195333733	-15.132446627779	-15.1116981096071	-8.75645479731061	-6.9830663135687	-9.22664600936597	-16.8992197797449	-15.7752571162942
220706-LD-317.12	-0.00237229732853271	-15.5120296778104	-16.6024446844936	-9.2494518043741	-18.4989462015671	-16.6314449890247	-19.3466060686035	-17.5627108898534	-18.9511742187824	-16.9580071513811	-16.7858909698591	-15.9625213842337	-14.8483552010752	-14.9964676909796	-16.2591430830832	-18.0771195366256	-19.2473999552595	-16.6151410700316	-14.9264708811837	-17.8271855015068	-15.132446627779	-15.1116981096071	-15.0121503648098	-16.6757407401323	-19.9290624523733	-16.8992197797449	-15.7752571162942
220706-LD-327.02	-5.25451530520267	-3.66396817863575	-2.60542278632742	-15.0079439579559	-18.4989462015671	-15.6314449890247	-1.22853032460725	-17.5627108898534	-3.55967468493014	-3.69791159195444	-3.02358899387387	-15.9625213842337	-14.8483552010752	-14.9964676909796	-16.2591430830832	-18.0771195366256	-19.2473999552595	-16.6151410700316	-14.9264708811837	-17.8271855015068	-15.132446627779	-15.1116981096071	-15.0121503648098	-16.6757407401323	-7.96704733969647	-16.8992197797449	-15.7752571162942
220706-LD-363.03	-15.2970127097091	-14.189091427448	-3.97402751751485	-15.0079439579559	-11.5577184617703	-16.6314449890247	-1.41108776802343	-17.5627108898534	-18.9511742187824	-2.9845214587982	-2.60099035596176	-2.74142302996752	-6.87307104060987	-9.64481054624798	-5.97360509647294	-5.23612622884209	-4.20573601810538	-16.6151410700316	-14.9264708811837	-16.0117868956401	-9.72713981683228	-6.83801629329787	-10.9898721192122	-9.84009096384647	-19.9290624523733	-16.8992197797449	-9.58426737545465
220706-UC-098.04	-0.0232765236446962	-9.90172922025192	-16.6024446844936	-15.0079439579559	-18.4989462015671	-16.6314449890247	-15.7457020240129	-6.40295574153256	-18.9511742187824	-16.9580071513811	-16.7858909698591	-15.9625213842337	-14.8483552010752	-14.9964676909796	-16.2591430830832	-18.0771195366256	-19.2473999552595	-16.6151410700316	-14.9264708811837	-17.8271855015068	-15.132446627779	-15.1116981096071	-15.0121503648098	-16.6757407401323	-19.9290624523733	-16.8992197797449	-15.7752571162942
210327-UC-049.01	-7.2416098216076	-3.74588814694671	-2.18217124065898	-15.0079439579559	-14.5863211483864	-8.31796641061942	-2.42484017091044	-17.5627108898534	-3.43665379571673	-16.9580071513811	-16.7858909698591	-15.9625213842337	-14.8483552010752	-14.9964676909796	-16.2591430830832	-18.0771195366256	-2.60982051207424	-16.6151410700316	-14.9264708811837	-5.53666704533289	-15.132446627779	-15.1116981096071	-3.89821944514187	-6.78152252189693	-3.1083062400344	-16.8992197797449	-15.7752571162942
211126-LD-146.09	-1.90313082197767	-15.5120296778104	-16.6024446844936	-15.0079439579559	-18.4989462015671	-16.6314449890247	-0.513964133664975	-17.5627108898534	-18.9511742187824	-16.9580071513811	-16.7858909698591	-15.9625213842337	-14.8483552010752	-14.9964676909796	-16.2591430830832	-18.0771195366256	-19.2473999552595	-16.6151410700316	-14.9264708811837	-17.8271855015068	-7.11728638500743	-15.1116981096071	-15.0121503648098	-16.6757407401323	-5.31390582802023	-16.8992197797449	-15.7752571162942
211126-LD-191.04	-8.38764660434098	-6.36641528112709	-6.07013332187319	-15.0079439579559	-7.30668383993043	-16.6314449890247	-3.58381534720921	-17.5627108898534	-4.22424501401107	-2.48289343998801	-4.4589830884041	-4.07392124969136	-8.12838426475553	-5.4720480334026	-10.6888599719888	-6.7729075390142	-5.69001826009859	-16.6151410700316	-11.0023692329225	-10.2084105720823	-4.14464747830517	-12.1129996783751	-9.62344807136104	-6.36790256974604	-1.32753341465386	-9.19922656215155	-8.64443530226749
211126-LD-193.09	-0.267796456015111	-2.69485641377415	-16.6024446844936	-15.0079439579559	-7.1302845948911	-16.6314449890247	-7.03223052996765	-17.5627108898534	-18.9511742187824	-16.9580071513811	-16.7858909698591	-15.9625213842337	-14.8483552010752	-14.9964676909796	-16.2591430830832	-18.0771195366256	-19.2473999552595	-16.6151410700316	-14.9264708811837	-17.8271855015068	-15.132446627779	-15.1116981096071	-15.0121503648098	-16.6757407401323	-19.9290624523733	-16.8992197797449	-15.7752571162942
211126-LD-194.05	-9.73226401734926	-0.766406108893767	-1.49100970876883	-15.0079439579559	-18.4989462015671	-16.6314449890247	-4.1814161229196	-17.5627108898534	-18.9511742187824	-16.9580071513811	-16.7858909698591	-15.9625213842337	-14.8483552010752	-14.9964676909796	-16.2591430830832	-18.0771195366256	-19.2473999552595	-16.6151410700316	-14.9264708811837	-17.8271855015068	-15.132446627779	-15.1116981096071	-15.0121503648098	-16.6757407401323	-19.9290624523733	-16.8992197797449	-15.7752571162942
211126-LD-193.02	-7.9322597697272	-8.54641510976056	-4.68094993845334	-15.0079439579559	-14.5101479757849	-16.6314449890247	-6.46567408120227	-17.5627108898534	-3.29675102216722	-1.51963118161678	-2.14954649352536	-3.47030001508946	-5.49593741007652	-6.09165924790127	-10.0683750236442	-5.38888546935083	-4.16991071038406	-11.7800435745518	-8.93885205434956	-10.4746096833975	-14.132446627779	-8.03512464903677	-7.94941071084582	-6.79518388044965	-6.57464234365157	-16.8992197797449	-5.10813180503388
211126-LD-203.04	-0.034940674044895	-12.3754456072135	-16.6024446844936	-15.0079439579559	-18.4989462015671	-16.6314449890247	-5.3965421876024	-17.5627108898534	-18.9511742187824	-16.9580071513811	-16.7858909698591	-15.9625213842337	-14.8483552010752	-14.9964676909796	-16.2591430830832	-18.0771195366256	-19.2473999552595	-16.6151410700316	-14.9264708811837	-17.8271855015068	-15.132446627779	-15.1116981096071	-15.0121503648098	-16.6757407401323	-19.9290624523733	-16.8992197797449	-15.7752571162942
210423-UC-046.06	-0.0353334415360655	-7.70590937530245	-16.6024446844936	-15.0079439579559	-18.4989462015671	-16.6314449890247	-6.78554107037955	-6.59916845942243	-18.9511742187824	-16.9580071513811	-16.7858909698591	-15.9625213842337	-14.8483552010752	-14.9964676909796	-16.2591430830832	-18.0771195366256	-19.2473999552595	-16.6151410700316	-14.9264708811837	-17.8271855015068	-15.132446627779	-15.1116981096071	-15.0121503648098	-16.6757407401323	-19.9290624523733	-16.8992197797449	-15.7752571162942
210423-UC-052.04	-0.0268526654724254	-5.77274590051622	-16.6024446844936	-12.7027498788293	-18.4989462015671	-16.6314449890247	-19.3466060686035	-17.5627108898534	-18.9511742187824	-16.9580071513811	-16.7858909698591	-15.9625213842337	-14.8483552010752	-14.9964676909796	-16.2591430830832	-18.0771195366256	-19.2473999552595	-16.6151410700316	-14.9264708811837	-17.8271855015068	-15.132446627779	-15.1116981096071	-15.0121503648098	-16.6757407401323	-19.9290624523733	-16.8992197797449	-15.7752571162942
210122-UC-023.01	-2.51527690572776	-2.80072635861896	-3.97183011749553	-15.0079439579559	-7.37221264372238	-16.6314449890247	-0.879761566850557	-11.0552139590874	-18.9511742187824	-16.9580071513811	-6.4705973408479	-6.75230123624439	-8.36457376140609	-14.9964676909796	-16.2591430830832	-15.629456884659	-19.2473999552595	-5.50464015582112	-14.9264708811837	-17.8271855015068	-15.132446627779	-15.1116981096071	-9.61024718884399	-16.6757407401323	-6.064291967254	-16.8992197797449	-15.7752571162942
210122-UC-022.01	-15.2970127097091	-15.5120296778104	-16.6024446844936	-15.0079439579559	-18.4989462015671	-16.6314449890247	-19.3466060686035	-17.5627108898534	-18.9511742187824	-1.52559520280115	-4.00567712812129	-5.98007922098521	-6.72081703942061	-14.9964676909796	-9.02122667479522	-18.0771195366256	-9.08433182714881	-16.6151410700316	-14.9264708811837	-17.8271855015068	-6.71244430016134	-10.1108156784981	-15.0121503648098	-10.5066685434352	-19.9290624523733	-16.8992197797449	-15.7752571162942
210122-UC-021.02	-15.2970127097091	-15.5120296778104	-16.6024446844936	-15.0079439579559	-18.4989462015671	-16.6314449890247	-19.3466060686035	-17.5627108898534	-18.9511742187824	-0.798087411984671	-3.76685016041441	-15.9625213842337	-14.8483552010752	-2.53066245623536	-16.2591430830832	-18.0771195366256	-2.69694570563681	-16.6151410700316	-14.9264708811837	-17.8271855015068	-15.132446627779	-15.1116981096071	-5.37194650913654	-16.6757407401323	-19.9290624523733	-16.8992197797449	-15.7752571162942
220729-UC-013.02	-15.2970127097091	-6.32878852600103	-16.6024446844936	-15.0079439579559	-18.4989462015671	-16.6314449890247	-0.0181051256706739	-17.5627108898534	-18.9511742187824	-16.9580071513811	-16.7858909698591	-15.9625213842337	-14.8483552010752	-14.9964676909796	-16.2591430830832	-18.0771195366256	-19.2473999552595	-16.6151410700316	-14.9264708811837	-17.8271855015068	-15.132446627779	-15.1116981096071	-15.0121503648098	-16.6757407401323	-19.9290624523733	-16.8992197797449	-15.7752571162942
211126-LD-191.08	-11.2831442136669	-3.98568488020991	-12.0009905776702	-15.0079439579559	-11.729632804191	-10.2003415452162	-1.33183672907115	-17.5627108898534	-5.21142312446647	-3.47546270809115	-2.94870306776375	-3.48154220505354	-4.22563634333126	-8.15214472413273	-16.2591430830832	-8.18128369944844	-6.22615005752845	-16.6151410700316	-10.8818155495931	-17.8271855015068	-7.24359981677383	-5.17615088777623	-4.57803859178236	-7.85188488810795	-4.79097916474797	-6.61835388323707	-15.7752571162942
211126-LD-206.05	-15.2970127097091	-5.74189461033924	-4.00954770458561	-15.0079439579559	-12.0752989080592	-16.6314449890247	-6.75913123867193	-17.5627108898534	-3.57225374433775	-2.89836980603194	-1.47866771462722	-4.12900581762075	-7.57680931454176	-4.64783959737454	-6.21570189419565	-5.13784844151005	-3.97444469890521	-11.2297306613532	-8.10781984234803	-8.8609581598197	-6.43998538525601	-8.13346345815809	-5.78311046189112	-9.44450260836372	-8.10552223010318	-5.51577113735221	-7.68782243990292
210628-UC-060.02	-0.226758054112049	-4.823789318715	-8.10379386636258	-15.0079439579559	-12.2288735469733	-16.6314449890247	-10.6799276737857	-17.5627108898534	-10.9497034356548	-15.9580071513811	-9.63803307150755	-15.9625213842337	-14.8483552010752	-14.9964676909796	-9.47126818674807	-18.0771195366256	-19.2473999552595	-16.6151410700316	-14.9264708811837	-17.8271855015068	-15.132446627779	-15.1116981096071	-10.0859940409736	-16.6757407401323	-3.3262131762418	-16.8992197797449	-15.7752571162942
210628-UC-059.02	-0.00175625133118341	-14.5120296778104	-16.6024446844936	-15.0079439579559	-18.4989462015671	-16.6314449890247	-19.3466060686035	-10.0291934548381	-18.9511742187824	-16.9580071513811	-16.7858909698591	-15.9625213842337	-14.8483552010752	-14.9964676909796	-16.2591430830832	-18.0771195366256	-19.2473999552595	-16.6151410700316	-14.9264708811837	-17.8271855015068	-15.132446627779	-15.1116981096071	-15.0121503648098	-16.6757407401323	-12.1713476228577	-16.8992197797449	-15.7752571162942
210628-UC-059.03	-0.000261007141704366	-15.5120296778104	-16.6024446844936	-15.0079439579559	-18.4989462015671	-16.6314449890247	-19.3466060686035	-12.4325199715911	-18.9511742187824	-16.9580071513811	-16.7858909698591	-15.9625213842337	-14.8483552010752	-14.9964676909796	-16.2591430830832	-18.0771195366256	-19.2473999552595	-16.6151410700316	-14.9264708811837	-17.8271855015068	-15.132446627779	-15.1116981096071	-15.0121503648098	-16.6757407401323	-19.9290624523733	-16.8992197797449	-15.7752571162942
210806-UC-040.02	-2.89128150483474	-3.17482563361651	-4.82099127866271	-15.0079439579559	-10.2288987493707	-12.8976064874873	-7.26845481023537	-17.5627108898534	-6.87165373472371	-1.50752278060663	-16.7858909698591	-4.51444222685103	-5.26302229399244	-14.9964676909796	-16.2591430830832	-18.0771195366256	-19.2473999552595	-16.6151410700316	-14.9264708811837	-17.8271855015068	-15.132446627779	-15.1116981096071	-2.91515874893647	-16.6757407401323	-3.71205155547129	-16.8992197797449	-15.7752571162942
210806-LD-095.03	-0.0119465110887923	-15.5120296778104	-16.6024446844936	-15.0079439579559	-18.4989462015671	-16.6314449890247	-6.92200234761126	-17.5627108898534	-18.9511742187824	-16.9580071513811	-16.7858909698591	-15.9625213842337	-14.8483552010752	-14.9964676909796	-16.2591430830832	-18.0771195366256	-19.2473999552595	-16.6151410700316	-14.9264708811837	-17.8271855015068	-15.132446627779	-15.1116981096071	-15.0121503648098	-16.6757407401323	-19.9290624523733	-16.8992197797449	-15.7752571162942
210806-HT-056.03	-7.40893925398091	-3.09549300037159	-5.46334559267893	-15.0079439579559	-10.9780530526804	-10.019873228375	-1.81206884501526	-17.5627108898534	-6.75376688890343	-2.36933292236488	-1.91285315351792	-6.15678534281406	-7.57363356395486	-14.9964676909796	-16.2591430830832	-18.0771195366256	-9.00624513630465	-8.36095277967192	-10.4130090574467	-13.5638928383422	-7.61798626999567	-15.1116981096071	-6.73943343084415	-8.55503487621046	-4.23304136929249	-16.8992197797449	-15.7752571162942
210806-LD-095.02	-0.0527912397465749	-15.5120296778104	-16.6024446844936	-15.0079439579559	-18.4989462015671	-16.6314449890247	-4.79863914765226	-17.5627108898534	-18.9511742187824	-16.9580071513811	-16.7858909698591	-15.9625213842337	-14.8483552010752	-14.9964676909796	-16.2591430830832	-18.0771195366256	-19.2473999552595	-16.6151410700316	-14.9264708811837	-17.8271855015068	-15.132446627779	-15.1116981096071	-15.0121503648098	-16.6757407401323	-19.9290624523733	-16.8992197797449	-15.7752571162942
210806-UC-040.01	-5.98284417626929	-5.52559395358137	-2.71293701237069	-15.0079439579559	-18.4989462015671	-8.82890193829024	-3.38293594475028	-17.5627108898534	-9.93403619582139	-4.32437435288403	-16.7858909698591	-15.9625213842337	-14.8483552010752	-14.9964676909796	-16.2591430830832	-18.0771195366256	-19.2473999552595	-16.6151410700316	-14.9264708811837	-17.8271855015068	-15.132446627779	-15.1116981096071	-12.1503707119867	-16.6757407401323	-0.599403067051523	-16.8992197797449	-15.7752571162942
210806-LD-060.09	-0.304931233103543	-5.83576774074881	-16.6024446844936	-15.0079439579559	-18.4989462015671	-16.6314449890247	-4.10951065943355	-5.42782356290682	-3.60715066431855	-16.9580071513811	-16.7858909698591	-15.9625213842337	-14.8483552010752	-14.9964676909796	-16.2591430830832	-18.0771195366256	-19.2473999552595	-16.6151410700316	-14.9264708811837	-17.8271855015068	-15.132446627779	-15.1116981096071	-15.0121503648098	-16.6757407401323	-7.33824748197219	-16.8992197797449	-15.7752571162942
230213-LD-032.02	-15.2970127097091	-5.46116950089381	-0.541454898842292	-15.0079439579559	-10.6494204606102	-11.625630985503	-9.72728713201632	-17.5627108898534	-6.30619046447351	-4.63346572130277	-3.55240184894919	-5.75601436992425	-6.76255621853555	-7.14657084153151	-5.88249081782951	-7.21450015224975	-7.03708414743232	-8.29826125403116	-14.9264708811837	-17.8271855015068	-15.132446627779	-15.1116981096071	-7.75076625212986	-8.91819513280425	-7.45433220673927	-16.8992197797449	-15.7752571162942
211025-UC-046.02	-0.0834145174035311	-8.6464553808228	-16.6024446844936	-15.0079439579559	-18.4989462015671	-16.6314449890247	-4.41974180641365	-7.38657999525366	-18.9511742187824	-16.9580071513811	-16.7858909698591	-15.9625213842337	-14.8483552010752	-14.9964676909796	-16.2591430830832	-18.0771195366256	-19.2473999552595	-16.6151410700316	-14.9264708811837	-17.8271855015068	-15.132446627779	-15.1116981096071	-15.0121503648098	-16.6757407401323	-19.9290624523733	-16.8992197797449	-15.7752571162942
211025-UC-081.03	-0.380446506622453	-5.39925526310376	-16.6024446844936	-10.1546421109929	-7.91636261832794	-16.6314449890247	-15.0986785551594	-2.30002414958697	-18.9511742187824	-16.9580071513811	-16.7858909698591	-15.9625213842337	-14.8483552010752	-14.9964676909796	-16.2591430830832	-18.0771195366256	-19.2473999552595	-16.6151410700316	-14.9264708811837	-17.8271855015068	-15.132446627779	-15.1116981096071	-15.0121503648098	-16.6757407401323	-19.9290624523733	-16.8992197797449	-15.7752571162942
211025-LD-146.03	-3.69202259980079	-4.7929572817034	-2.5356872930415	-15.0079439579559	-10.0999406179152	-9.17306388901408	-3.15724408540859	-16.5627108898534	-3.22930447143151	-4.81809337324512	-3.51605041339355	-6.34401247107374	-5.46570795417942	-3.58683858063283	-16.2591430830832	-18.0771195366256	-9.43442870197459	-10.2149282860748	-11.8993773255798	-6.28172620615196	-5.32315870294638	-5.00228066101207	-5.56930527958324	-5.1551543555834	-3.3871855620715	-16.8992197797449	-15.7752571162942
211025-UC-016.01	-4.00229657722517	-0.609229824247725	-9.09583422554214	-1.90770244799412	-18.4989462015671	-16.6314449890247	-7.04795185969065	-7.58960534168357	-18.9511742187824	-16.9580071513811	-16.7858909698591	-15.9625213842337	-14.8483552010752	-14.9964676909796	-16.2591430830832	-18.0771195366256	-19.2473999552595	-16.6151410700316	-14.9264708811837	-17.8271855015068	-15.132446627779	-15.1116981096071	-15.0121503648098	-16.6757407401323	-19.9290624523733	-16.8992197797449	-15.7752571162942
211025-UC-056.01	-15.2970127097091	-10.7544264286707	-16.6024446844936	-15.0079439579559	-11.2463185933108	-16.6314449890247	-19.3466060686035	-17.5627108898534	-18.9511742187824	-0.78758638761861	-8.68278747312094	-7.26708097543407	-14.8483552010752	-2.13195773490977	-16.2591430830832	-18.0771195366256	-3.24540824087968	-16.6151410700316	-7.20361963642226	-17.8271855015068	-4.10511731844216	-15.1116981096071	-8.19991205706903	-9.15536446781504	-19.9290624523733	-16.8992197797449	-15.7752571162942
211025-LD-135.08	-15.2970127097091	-6.89741528582329	-9.79527767451453	-4.93740720549198	-10.6462006288036	-9.58386098472208	-4.72839459463263	-17.5627108898534	-9.42288355110406	-0.520008776739614	-16.7858909698591	-15.9625213842337	-2.19216127493522	-14.9964676909796	-16.2591430830832	-18.0771195366256	-19.2473999552595	-16.6151410700316	-14.9264708811837	-17.8271855015068	-15.132446627779	-15.1116981096071	-15.0121503648098	-16.6757407401323	-19.9290624523733	-16.8992197797449	-15.7752571162942
211025-UC-048.02	-11.6167465473924	-8.53545033931859	-16.6024446844936	-15.0079439579559	-12.6013648929423	-12.7204465970355	-9.52234432267652	-6.43135239445314	-11.3610838972122	-4.9501206779573	-6.19366906407818	-14.9625213842337	-12.065529249692	-7.74409786510022	-16.2591430830832	-18.0771195366256	-7.87774705961279	-9.4470237031757	-14.9264708811837	-11.9305109893316	-15.132446627779	-15.1116981096071	-8.04094742574079	-6.53287323461902	-19.9290624523733	-14.9259955082085	-15.7752571162942
211025-UC-017.02	-7.66321484636726	-3.46699886694965	-0.527081423361716	-15.0079439579559	-18.4989462015671	-9.82553792699981	-3.05576652447304	-17.5627108898534	-4.93588801094567	-16.9580071513811	-6.60134228006576	-15.9625213842337	-13.2110477017465	-14.9964676909796	-16.2591430830832	-18.0771195366256	-19.2473999552595	-6.90193017833689	-14.9264708811837	-7.66776589228666	-8.48457698392268	-10.820821520559	-15.0121503648098	-8.12661314635136	-6.32254750323885	-16.8992197797449	-15.7752571162942
211025-UC-074.01	-15.2970127097091	-5.85101778053557	-16.6024446844936	-15.0079439579559	-18.4989462015671	-16.6314449890247	-1.71814895028693	-17.5627108898534	-18.9511742187824	-16.9580071513811	-16.7858909698591	-15.9625213842337	-14.8483552010752	-14.9964676909796	-16.2591430830832	-18.0771195366256	-19.2473999552595	-16.6151410700316	-14.9264708811837	-17.8271855015068	-15.132446627779	-15.1116981096071	-15.0121503648098	-16.6757407401323	-0.559110794639874	-16.8992197797449	-15.7752571162942
211025-UC-068.04	-6.46947533983737	-7.23134561852494	-16.6024446844936	-15.0079439579559	-18.4989462015671	-16.6314449890247	-19.3466060686035	-17.5627108898534	-10.4178409733719	-1.45916171564378	-5.45865565742015	-3.94751955468944	-14.8483552010752	-4.08616427895598	-16.2591430830832	-18.0771195366256	-19.2473999552595	-16.6151410700316	-7.00987637136429	-17.8271855015068	-15.132446627779	-15.1116981096071	-5.60504077105311	-16.6757407401323	-1.17498358081781	-16.8992197797449	-15.7752571162942
210121-UC-025.02	-5.45697843644014	-5.17946074205959	-4.60062702280818	-15.0079439579559	-10.6059648992152	-10.3291174309756	-3.94461731349868	-17.5627108898534	-8.36259612499166	-5.5627775859954	-2.55691082817744	-1.37658275409794	-4.43648164045459	-5.55009428878918	-12.0367982075465	-4.46999736752846	-3.78047100550209	-16.6151410700316	-9.13489173087047	-17.8271855015068	-15.132446627779	-15.1116981096071	-5.05185802913024	-8.62693567795851	-11.170144327693	-9.80076867244562	-4.69894085400527
210121-UC-026.02	-15.2970127097091	-6.95485876818516	-8.90068199377718	-15.0079439579559	-12.4026604352486	-11.8627474233578	-9.01970481566334	-17.5627108898534	-18.9511742187824	-4.51779459515199	-0.815003442369576	-3.56893417398696	-7.55100565442534	-6.89696757605639	-7.87374394610552	-3.5277864432123	-4.39581264639447	-15.6151410700316	-14.9264708811837	-8.12490848931982	-15.132446627779	-7.59113541428406	-3.48145313849285	-6.94343043704838	-14.5601396808448	-8.23134725813326	-15.7752571162942
220207-LD-258.01	-0.30236903389419	-15.5120296778104	-16.6024446844936	-15.0079439579559	-18.4989462015671	-16.6314449890247	-19.3466060686035	-2.79247892443384	-8.57187390711791	-16.9580071513811	-16.7858909698591	-15.9625213842337	-14.8483552010752	-14.9964676909796	-16.2591430830832	-18.0771195366256	-19.2473999552595	-16.6151410700316	-14.9264708811837	-17.8271855015068	-15.132446627779	-15.1116981096071	-15.0121503648098	-16.6757407401323	-19.9290624523733	-16.8992197797449	-15.7752571162942
220207-LD-218.08	-11.3170756931757	-4.19243275784432	-4.94469371603512	-12.5688777016729	-9.20219387506744	-10.9909527516914	-1.09815791357318	-17.5627108898534	-4.09646602622861	-4.9086518634565	-2.20645055527292	-3.25324191718333	-7.19618736832094	-14.9964676909796	-16.2591430830832	-8.59583854019333	-19.2473999552595	-16.6151410700316	-14.9264708811837	-17.8271855015068	-15.132446627779	-12.8266563820554	-6.27934116825112	-7.42763447596082	-19.9290624523733	-16.8992197797449	-15.7752571162942
220207-LD-234.12	-2.27127419531704	-3.28436214132591	-7.66184127337336	-15.0079439579559	-9.65197530225896	-6.254543094905	-2.22090519718429	-17.5627108898534	-4.79758843491731	-4.56489694899556	-2.66312613652605	-15.9625213842337	-9.59746700631248	-14.9964676909796	-16.2591430830832	-8.39546186045484	-19.2473999552595	-5.51523586164024	-14.9264708811837	-17.8271855015068	-15.132446627779	-4.65940877183485	-15.0121503648098	-10.9677313057884	-2.84641477789801	-16.8992197797449	-15.7752571162942
220207-UC-113.01	-15.2970127097091	-9.45356725060711	-4.78101393178417	-15.0079439579559	-18.4989462015671	-15.1702114340156	-19.3466060686035	-17.5627108898534	-4.64943212260755	-1.27686549265933	-1.79424192432133	-3.80291036552206	-5.33876290592849	-14.9964676909796	-4.96456805259999	-6.23789238654053	-5.44872467427509	-9.76063122163865	-8.5325899840218	-17.8271855015068	-7.21309860138979	-6.72340484525703	-6.64675149854971	-6.55603527014082	-9.38914428716795	-16.8992197797449	-6.15767515925994
220207-LD-218.06	-6.44819537388441	-8.47446039880981	-5.41054031853269	-15.0079439579559	-7.60372332130538	-16.6314449890247	-4.13769068449441	-17.5627108898534	-2.7955256891483	-2.28181210573644	-1.66344441359201	-2.45866204151343	-7.11174457403423	-14.9964676909796	-16.2591430830832	-6.98941943934749	-19.2473999552595	-16.6151410700316	-14.9264708811837	-17.8271855015068	-15.132446627779	-15.1116981096071	-6.62462132524337	-6.96996125180537	-10.655591757454	-16.8992197797449	-15.7752571162942
220207-LD-258.04	-0.273086092834082	-3.80918410095318	-10.9800847265408	-12.8603970887392	-8.30220417781643	-7.02483538148461	-3.67062215864468	-13.321977173954	-18.9511742187824	-16.9580071513811	-16.7858909698591	-15.9625213842337	-14.8483552010752	-14.9964676909796	-16.2591430830832	-18.0771195366256	-19.2473999552595	-16.6151410700316	-14.9264708811837	-17.8271855015068	-15.132446627779	-15.1116981096071	-15.0121503648098	-16.6757407401323	-19.9290624523733	-16.8992197797449	-15.7752571162942
230110-LD-322.05	-15.2970127097091	-3.47223505845163	-4.04051128924162	-6.82783816452576	-11.6795824709588	-10.3701776584427	-10.0158692768874	-17.5627108898534	-11.4612583897438	-1.83732327870801	-2.27530112319975	-3.00546383733245	-8.39566743652732	-14.9964676909796	-16.2591430830832	-10.0721904581514	-19.2473999552595	-16.6151410700316	-4.85912767019614	-17.8271855015068	-8.06520749613538	-15.1116981096071	-3.61230612053982	-6.46533332427454	-19.9290624523733	-4.80087497507174	-6.12506343667693
230110-LD-440.03	-15.2970127097091	-6.43620053984335	-16.6024446844936	-15.0079439579559	-18.4989462015671	-16.6314449890247	-3.8844232067558	-17.5627108898534	-18.9511742187824	-16.9580071513811	-16.7858909698591	-15.9625213842337	-14.8483552010752	-14.9964676909796	-16.2591430830832	-18.0771195366256	-19.2473999552595	-16.6151410700316	-14.9264708811837	-17.8271855015068	-15.132446627779	-15.1116981096071	-15.0121503648098	-16.6757407401323	-0.119136007537347	-16.8992197797449	-15.7752571162942
230110-UC-166.05	-0.196794624822284	-15.5120296778104	-16.6024446844936	-6.3933675097585	-18.4989462015671	-16.6314449890247	-5.33887211500314	-17.5627108898534	-18.9511742187824	-16.9580071513811	-16.7858909698591	-15.9625213842337	-14.8483552010752	-14.9964676909796	-16.2591430830832	-18.0771195366256	-19.2473999552595	-16.6151410700316	-14.9264708811837	-17.8271855015068	-15.132446627779	-15.1116981096071	-15.0121503648098	-16.6757407401323	-3.45943464830006	-16.8992197797449	-15.7752571162942
230110-LD-389.02	-6.68159125152066	-9.46064898218127	-5.3806965916962	-15.0079439579559	-18.4989462015671	-10.9073084606334	-2.11351957663051	-17.5627108898534	-10.3947348654496	-2.42938845815369	-2.64685848208266	-4.52182074308183	-6.72222320996604	-4.47204345997406	-16.2591430830832	-6.84616142918955	-6.11915534164309	-10.3923357046289	-10.8684437415787	-17.8271855015068	-9.97062158713187	-12.8474787793222	-6.61921521876399	-5.92022051399063	-4.32387812615931	-4.59059936784351	-15.7752571162942
230110-UC-166.01	-0.271313070914898	-15.5120296778104	-16.6024446844936	-7.90753692353791	-18.4989462015671	-16.6314449890247	-8.80177025186752	-17.5627108898534	-18.9511742187824	-13.1462794443506	-16.7858909698591	-15.9625213842337	-14.8483552010752	-14.9964676909796	-16.2591430830832	-18.0771195366256	-19.2473999552595	-16.6151410700316	-14.9264708811837	-17.8271855015068	-15.132446627779	-15.1116981096071	-15.0121503648098	-16.6757407401323	-2.60091672112756	-16.8992197797449	-13.5170945886238
230110-LD-415.02	-0.056597840475614	-6.47520649997041	-16.6024446844936	-15.0079439579559	-13.1915860491684	-13.7867155760453	-7.1182367608671	-5.71590574202356	-18.9511742187824	-12.0643113888711	-16.7858909698591	-15.9625213842337	-14.8483552010752	-14.9964676909796	-16.2591430830832	-18.0771195366256	-13.6394134835636	-16.6151410700316	-14.9264708811837	-17.8271855015068	-15.132446627779	-15.1116981096071	-15.0121503648098	-16.6757407401323	-19.9290624523733	-16.8992197797449	-15.7752571162942
230110-UC-162.01	-14.1766584074619	-3.74667971412569	-11.5203324430661	-15.0079439579559	-7.77690552311464	-6.74666858890678	-19.3466060686035	-1.50611939031735	-12.1835815107869	-9.96173996770397	-1.46855915326855	-4.68114779104063	-9.11893162448849	-8.686784831974	-16.2591430830832	-18.0771195366256	-10.9753582331313	-13.1644321051287	-13.9264708811837	-11.2681316392476	-15.132446627779	-6.4195131327866	-4.10548990855257	-3.83715898378986	-9.72323890071462	-16.8992197797449	-15.7752571162942
230110-LD-438.01	-2.13073536548366	-11.8947940482759	-8.97314840540314	-15.0079439579559	-8.43531237169184	-16.6314449890247	-0.433674323741605	-5.85271283054076	-18.9511742187824	-16.9580071513811	-16.7858909698591	-15.9625213842337	-14.8483552010752	-14.9964676909796	-16.2591430830832	-18.0771195366256	-19.2473999552595	-16.6151410700316	-14.9264708811837	-17.8271855015068	-15.132446627779	-15.1116981096071	-15.0121503648098	-16.6757407401323	-19.9290624523733	-16.8992197797449	-15.7752571162942
230110-UC-173.01	-12.1660338229619	-13.5881607470264	-16.6024446844936	-15.0079439579559	-18.4989462015671	-16.6314449890247	-0.803582558130765	-17.5627108898534	-18.9511742187824	-2.9780836924307	-16.7858909698591	-3.29184490762704	-14.8483552010752	-14.9964676909796	-16.2591430830832	-18.0771195366256	-19.2473999552595	-16.6151410700316	-4.09008775880671	-17.8271855015068	-15.132446627779	-15.1116981096071	-2.89528225062315	-16.6757407401323	-19.9290624523733	-16.8992197797449	-15.7752571162942
230110-UC-172.01	-15.2970127097091	-5.37796877136704	-11.9036590367877	-8.37905966525265	-9.16533409752137	-8.65319200345041	-1.0254043278909	-1.12184490981537	-18.9511742187824	-16.9580071513811	-16.7858909698591	-15.9625213842337	-14.8483552010752	-12.6419204371986	-16.2591430830832	-18.0771195366256	-18.2473999552595	-16.6151410700316	-14.9264708811837	-17.8271855015068	-15.132446627779	-15.1116981096071	-15.0121503648098	-16.6757407401323	-8.52352573639547	-16.8992197797449	-15.7752571162942
230110-LD-440.01	-15.2970127097091	-6.06015419322293	-16.6024446844936	-15.0079439579559	-18.4989462015671	-16.6314449890247	-19.3466060686035	-17.5627108898534	-12.1012118219056	-16.9580071513811	-16.7858909698591	-15.9625213842337	-14.8483552010752	-14.9964676909796	-16.2591430830832	-18.0771195366256	-19.2473999552595	-16.6151410700316	-14.9264708811837	-17.8271855015068	-15.132446627779	-15.1116981096071	-15.0121503648098	-16.6757407401323	-0.0221185751771957	-16.8992197797449	-15.7752571162942
230110-LD-386.07	-7.06802880890418	-4.96104607965252	-16.6024446844936	-11.1048697166718	-12.2952177702954	-11.7484796216922	-7.7218873151182	-17.5627108898534	-7.68733027935373	-3.94645513248936	-3.70027764180816	-2.0274187298377	-14.8483552010752	-14.9964676909796	-16.2591430830832	-3.1403115704549	-19.2473999552595	-16.6151410700316	-8.864272185212	-17.8271855015068	-5.73705352359782	-15.1116981096071	-3.61931571042732	-16.6757407401323	-4.11658331153456	-16.8992197797449	-7.4116731198375
210417-UC-050.02	-0.0492298645770266	-5.04669214203748	-16.6024446844936	-12.942883882552	-18.4989462015671	-16.6314449890247	-8.9270671770893	-9.81301676540032	-18.9511742187824	-16.9580071513811	-16.7858909698591	-15.9625213842337	-14.8483552010752	-14.9964676909796	-16.2591430830832	-18.0771195366256	-19.2473999552595	-16.6151410700316	-14.9264708811837	-17.8271855015068	-15.132446627779	-15.1116981096071	-15.0121503648098	-16.6757407401323	-19.9290624523733	-16.8992197797449	-15.7752571162942
210417-UC-049.08	-10.0937188405054	-13.6835898183606	-16.6024446844936	-15.0079439579559	-14.1621810152814	-11.3540685741514	-7.74451461857171	-4.16382132652073	-18.9511742187824	-16.9580071513811	-16.7858909698591	-15.9625213842337	-14.8483552010752	-14.9964676909796	-16.2591430830832	-18.0771195366256	-19.2473999552595	-16.6151410700316	-14.9264708811837	-17.8271855015068	-15.132446627779	-15.1116981096071	-15.0121503648098	-16.6757407401323	-0.0993235624798108	-16.8992197797449	-15.7752571162942
210417-UC-050.01	-0.143063202273734	-3.4269110825022	-16.6024446844936	-12.4437286797706	-18.4989462015671	-16.6314449890247	-12.0673825689394	-17.5627108898534	-18.9511742187824	-16.9580071513811	-16.7858909698591	-15.9625213842337	-14.8483552010752	-14.9964676909796	-16.2591430830832	-18.0771195366256	-19.2473999552595	-16.6151410700316	-14.9264708811837	-17.8271855015068	-15.132446627779	-15.1116981096071	-15.0121503648098	-16.6757407401323	-19.9290624523733	-16.8992197797449	-15.7752571162942
210417-UC-052.01	-1.64914282839512	-5.43033456205805	-16.6024446844936	-7.66648086147783	-9.56371689056486	-16.6314449890247	-0.840410451126712	-8.20816345161396	-18.9511742187824	-16.9580071513811	-16.7858909698591	-15.9625213842337	-14.8483552010752	-14.9964676909796	-16.2591430830832	-18.0771195366256	-19.2473999552595	-16.6151410700316	-14.9264708811837	-17.8271855015068	-15.132446627779	-15.1116981096071	-15.0121503648098	-16.6757407401323	-3.47821096955236	-16.8992197797449	-15.7752571162942
210307-UC-043.02	-15.2970127097091	-1.03339029070872	-9.38245280135989	-15.0079439579559	-9.77257266843434	-7.8105267406105	-5.08265382728118	-17.5627108898534	-8.53191734437328	-16.9580071513811	-1.90670331214959	-8.64046913242692	-9.4956976082131	-14.9964676909796	-16.2591430830832	-18.0771195366256	-19.2473999552595	-8.61245475625726	-14.9264708811837	-13.7542186651975	-15.132446627779	-15.1116981096071	-2.52413281665237	-16.6757407401323	-6.06102747526672	-16.8992197797449	-15.7752571162942
220826-LD-335.02	-2.19016912688562	-4.73477159773602	-2.94723430364805	-7.04193869471729	-7.96418776892324	-9.57107664558454	-19.3466060686035	-17.5627108898534	-3.02265881068964	-12.6437761341638	-13.3248104531314	-14.1244019750694	-6.0998123723575	-14.9964676909796	-16.2591430830832	-18.0771195366256	-19.2473999552595	-5.21994911483679	-14.9264708811837	-17.8271855015068	-3.95517388175857	-15.1116981096071	-3.84913949804232	-16.6757407401323	-3.66013570687902	-16.8992197797449	-15.7752571162942
220826-LD-362.05	-5.12039093692099	-4.51010461048329	-10.3850126936265	-6.56265662779749	-9.40236430873032	-7.20317858530688	-1.99335012754119	-13.7609640765615	-12.2401629192901	-4.82667093365504	-5.18831087852164	-4.0866691175618	-14.8483552010752	-12.3691339684447	-8.86805638157371	-6.41180913404039	-4.30344056951626	-16.6151410700316	-12.761987627539	-17.8271855015068	-8.59030029521882	-15.1116981096071	-7.08725530503971	-10.452399123551	-1.85204877702137	-16.8992197797449	-15.7752571162942
220826-LD-333.06	-0.00383935479970253	-8.6761858625219	-16.6024446844936	-15.0079439579559	-15.3227593266487	-16.6314449890247	-19.3466060686035	-12.3716179566119	-18.9511742187824	-16.9580071513811	-16.7858909698591	-15.9625213842337	-14.8483552010752	-14.9964676909796	-16.2591430830832	-18.0771195366256	-19.2473999552595	-16.6151410700316	-14.9264708811837	-17.8271855015068	-15.132446627779	-15.1116981096071	-15.0121503648098	-16.6757407401323	-19.9290624523733	-16.8992197797449	-15.7752571162942
210430-UC-042.04	-3.14553633480153	-4.54052101396466	-4.4655453729993	-15.0079439579559	-18.4989462015671	-12.2117530430875	-7.62751222225366	-6.72991919654818	-6.87484266224036	-16.9580071513811	-1.73373404423387	-3.78708406405261	-8.79358611396569	-14.9964676909796	-6.57515132141012	-18.0771195366256	-19.2473999552595	-15.3563828059595	-6.44593687238967	-17.8271855015068	-15.132446627779	-15.1116981096071	-2.51788199744292	-16.6757407401323	-3.96792350509586	-16.8992197797449	-15.7752571162942
210430-UC-041.08	-1.62128649226556	-7.43088649134344	-16.6024446844936	-15.0079439579559	-18.4989462015671	-9.81751845777431	-3.01039792670572	-17.5627108898534	-18.9511742187824	-16.9580071513811	-7.68102005568876	-6.38819662614961	-3.60698731717742	-14.9964676909796	-16.2591430830832	-18.0771195366256	-19.2473999552595	-16.6151410700316	-14.9264708811837	-17.8271855015068	-15.132446627779	-15.1116981096071	-1.16999112718058	-16.6757407401323	-19.9290624523733	-16.8992197797449	-15.7752571162942
230526-UC-178.01	-0.0737913299074059	-4.34000531736573	-16.6024446844936	-15.0079439579559	-18.4989462015671	-16.6314449890247	-14.4558351383578	-17.5627108898534	-18.9511742187824	-16.9580071513811	-16.7858909698591	-15.9625213842337	-14.8483552010752	-14.9964676909796	-16.2591430830832	-18.0771195366256	-19.2473999552595	-11.1492255352746	-14.9264708811837	-17.8271855015068	-15.132446627779	-15.1116981096071	-15.0121503648098	-16.6757407401323	-19.9290624523733	-16.8992197797449	-15.7752571162942
210828-UC-062.03	-4.56655747273873	-6.78724400369952	-0.595142331974753	-15.0079439579559	-18.4989462015671	-10.4845122091536	-3.58690757190258	-17.5627108898534	-5.27575259486126	-4.33924931150375	-5.00064209233062	-4.37399155214208	-6.53960538467237	-14.9964676909796	-16.2591430830832	-18.0771195366256	-6.47762151197682	-9.2485834795094	-10.2024942490659	-17.8271855015068	-7.84848362216554	-15.1116981096071	-8.07665844066528	-6.37862661248393	-8.10124048381228	-16.8992197797449	-15.7752571162942
210828-UC-069.01	-15.2970127097091	-6.51458866734467	-5.40661191814	-15.0079439579559	-18.4989462015671	-16.6314449890247	-7.39308090022475	-17.5627108898534	-8.79510643745204	-3.00926744363503	-2.62187168082553	-1.95244889895036	-7.61865237816435	-7.23186133551801	-8.14232829764065	-4.71044074037681	-3.74783607297104	-13.7402646329054	-14.9264708811837	-17.8271855015068	-5.45686137600842	-15.1116981096071	-6.37327106592513	-8.23422131386071	-7.2640903557603	-16.8992197797449	-6.24947631775128
210828-LD-032.03	-15.2970127097091	-9.49194543176726	-16.6024446844936	-15.0079439579559	-18.4989462015671	-16.6314449890247	-5.27440645739734	-0.039823425493546	-18.9511742187824	-16.9580071513811	-16.7858909698591	-15.9625213842337	-14.8483552010752	-14.9964676909796	-16.2591430830832	-18.0771195366256	-19.2473999552595	-16.6151410700316	-14.9264708811837	-17.8271855015068	-15.132446627779	-15.1116981096071	-15.0121503648098	-16.6757407401323	-19.9290624523733	-16.8992197797449	-15.7752571162942
210828-LD-063.02	-6.18981200276795	-5.61090961350831	-0.908299937738558	-15.0079439579559	-18.4989462015671	-7.98539943607597	-3.84470745119682	-17.5627108898534	-3.31841534926913	-3.63917557790097	-4.17967824459748	-4.73437024675363	-9.66166567394727	-5.75294491393643	-16.2591430830832	-7.49085775017554	-19.2473999552595	-9.02578959857095	-14.9264708811837	-10.9733436721409	-15.132446627779	-8.77266893225681	-6.10304839516812	-7.25315239081226	-10.3518988206402	-4.93271780795147	-15.7752571162942
210828-UC-070.01	-15.2970127097091	-3.47053930456828	-5.23388108631997	-15.0079439579559	-18.4989462015671	-16.6314449890247	-4.46025109702541	-17.5627108898534	-4.74838825476148	-2.1961499485647	-3.27142247769257	-4.38013617264883	-5.67038726256418	-4.34978382950696	-11.7291168220448	-5.51352992503364	-4.98951111383392	-12.2528741725685	-9.77988711228172	-10.1344613127807	-4.80949163772356	-14.1116981096071	-15.0121503648098	-8.45723063557862	-7.2886367826331	-9.70291461729131	-6.18836222995953
230629-UC-058.02	-15.2970127097091	-2.24819707350794	-16.6024446844936	-15.0079439579559	-3.97010843203632	-2.03348424808263	-1.63224256061992	-17.5627108898534	-7.55101169422585	-16.9580071513811	-5.06624582309513	-15.9625213842337	-14.8483552010752	-14.9964676909796	-16.2591430830832	-18.0771195366256	-19.2473999552595	-16.6151410700316	-14.9264708811837	-17.8271855015068	-15.132446627779	-15.1116981096071	-15.0121503648098	-16.6757407401323	-19.9290624523733	-16.8992197797449	-15.7752571162942
210510-UC-045.02	-15.2970127097091	-15.5120296778104	-16.6024446844936	-15.0079439579559	-18.4989462015671	-16.6314449890247	-19.3466060686035	-3.67360071540778	-18.9511742187824	-16.9580071513811	-16.7858909698591	-15.9625213842337	-14.8483552010752	-14.9964676909796	-16.2591430830832	-18.0771195366256	-19.2473999552595	-16.6151410700316	-14.9264708811837	-17.8271855015068	-15.132446627779	-15.1116981096071	-15.0121503648098	-16.6757407401323	-0.118915394107414	-16.8992197797449	-15.7752571162942
210811-LD-102.03	-0.00296981269112745	-9.54797226704758	-16.6024446844936	-12.3662760487439	-18.4989462015671	-16.6314449890247	-18.3466060686035	-17.5627108898534	-18.9511742187824	-16.9580071513811	-16.7858909698591	-15.9625213842337	-14.8483552010752	-14.9964676909796	-16.2591430830832	-18.0771195366256	-19.2473999552595	-16.6151410700316	-14.9264708811837	-17.8271855015068	-15.132446627779	-15.1116981096071	-15.0121503648098	-16.6757407401323	-19.9290624523733	-16.8992197797449	-15.7752571162942
210811-LD-110.02	-15.2970127097091	-15.5120296778104	-16.6024446844936	-15.0079439579559	0	-16.6314449890247	-19.3466060686035	-17.5627108898534	-18.9511742187824	-16.9580071513811	-16.7858909698591	-15.9625213842337	-14.8483552010752	-14.9964676909796	-16.2591430830832	-18.0771195366256	-19.2473999552595	-16.6151410700316	-14.9264708811837	-17.8271855015068	-15.132446627779	-15.1116981096071	-15.0121503648098	-16.6757407401323	-19.9290624523733	-16.8992197797449	-15.7752571162942
210805-LD-024.07	-1.76065055492562	-6.25339731706647	-16.6024446844936	-15.0079439579559	-18.4989462015671	-16.6314449890247	-1.00511562337061	-17.5627108898534	-3.42217212022471	-16.9580071513811	-16.7858909698591	-15.9625213842337	-6.09363489124856	-14.9964676909796	-16.2591430830832	-18.0771195366256	-19.2473999552595	-16.6151410700316	-14.9264708811837	-17.8271855015068	-15.132446627779	-15.1116981096071	-15.0121503648098	-16.6757407401323	-3.54597546718378	-16.8992197797449	-15.7752571162942
210805-UC-066.01	-7.50586399423284	-4.81850039700014	-0.934468163793669	-15.0079439579559	-12.2467789339837	-12.8317414347042	-3.40502302737406	-17.5627108898534	-5.8583671451523	-3.32472491788067	-4.03502817695402	-6.0661621010933	-5.56398279669852	-14.9964676909796	-8.10692843483116	-18.0771195366256	-5.06746636268305	-8.1916445203403	-8.49293338986055	-11.5293496913029	-7.76804675938676	-9.69177129421698	-6.59702902997941	-8.58870667928754	-3.885636751923	-16.8992197797449	-15.7752571162942
210805-UC-061.03	-0.443601399590999	-6.67916927568322	-10.4978501055587	-15.0079439579559	-18.4989462015671	-16.6314449890247	-3.01430359448799	-17.5627108898534	-18.9511742187824	-12.0481813153683	-3.99870636338435	-5.85848232069229	-10.9512959690701	-14.9964676909796	-16.2591430830832	-15.9587428927047	-19.2473999552595	-16.6151410700316	-13.2021547006829	-17.8271855015068	-15.132446627779	-15.1116981096071	-5.02410826381572	-5.83339523672445	-19.9290624523733	-16.8992197797449	-15.7752571162942
220401-UC-125.02	-5.91642361194275	-0.0261286771132597	-16.6024446844936	-15.0079439579559	-18.4989462015671	-16.6314449890247	-9.67394501140509	-17.5627108898534	-18.9511742187824	-16.9580071513811	-16.7858909698591	-15.9625213842337	-13.8483552010752	-14.9964676909796	-16.2591430830832	-18.0771195366256	-19.2473999552595	-16.6151410700316	-14.9264708811837	-17.8271855015068	-15.132446627779	-15.1116981096071	-13.3007554170251	-16.6757407401323	-19.9290624523733	-16.8992197797449	-15.7752571162942
220401-UC-124.01	-15.2970127097091	-9.80264970575732	-4.68425436058975	-15.0079439579559	-15.4361943288472	-16.6314449890247	-19.3466060686035	-17.5627108898534	-9.66575201248905	-3.65612273955203	-1.47478169316773	-2.15477100872356	-5.47806604992143	-4.5036230620067	-7.26299862819362	-7.76218296344127	-7.26546316825912	-16.6151410700316	-9.55426713876626	-8.52070840633637	-8.46484705421384	-10.0420349180695	-6.15192036142339	-10.2574991177773	-2.93049652226878	-7.21697857736758	-7.83359955976847
220401-LD-279.05	-15.2970127097091	-12.5873118942948	-3.81842764984239	-15.0079439579559	-18.4989462015671	-16.6314449890247	-19.3466060686035	-17.5627108898534	-3.24789864322091	-3.20606385926298	-1.01512103055965	-7.62690388355952	-7.43689849646581	-14.9964676909796	-16.2591430830832	-18.0771195366256	-6.36604650082512	-5.83360177621035	-14.9264708811837	-17.8271855015068	-15.132446627779	-15.1116981096071	-7.4612399097693	-7.72075052330645	-19.9290624523733	-16.8992197797449	-15.7752571162942
220401-UC-121.02	-0.00542766178705339	-10.0777910444163	-11.8058966616626	-15.0079439579559	-18.4989462015671	-16.6314449890247	-11.9497157717661	-8.76559369609266	-18.9511742187824	-16.9580071513811	-16.7858909698591	-15.9625213842337	-14.8483552010752	-14.9964676909796	-16.2591430830832	-18.0771195366256	-19.2473999552595	-16.6151410700316	-14.9264708811837	-17.8271855015068	-15.132446627779	-15.1116981096071	-15.0121503648098	-16.6757407401323	-19.9290624523733	-16.8992197797449	-15.7752571162942
EP-SM-80S-S89-Index-A12	-15.2970127097091	-9.48779603229103	-16.6024446844936	-15.0079439579559	-18.4989462015671	-16.6314449890247	-1.2122668471228	-6.24460837464449	-18.9511742187824	-16.9580071513811	-3.68536782505892	-15.9625213842337	-1.63595193141245	-14.9964676909796	-16.2591430830832	-18.0771195366256	-19.2473999552595	-16.6151410700316	-14.9264708811837	-17.8271855015068	-15.132446627779	-15.1116981096071	-3.62297875127012	-16.6757407401323	-19.9290624523733	-16.8992197797449	-15.7752571162942
EP-SM-80S-S92-Index-D12	-3.28083513830746	-7.46860626181124	-16.6024446844936	-15.0079439579559	-9.41655870920979	-16.6314449890247	-0.168755251743396	-11.3179632512608	-18.9511742187824	-16.9580071513811	-16.7858909698591	-15.9625213842337	-14.8483552010752	-14.9964676909796	-16.2591430830832	-18.0771195366256	-19.2473999552595	-16.6151410700316	-14.9264708811837	-17.8271855015068	-15.132446627779	-15.1116981096071	-15.0121503648098	-16.6757407401323	-19.9290624523733	-16.8992197797449	-15.7752571162942
EP-SM-80S-S76-Index-D10	-0.687282932408218	-8.95844538292356	-16.6024446844936	-15.0079439579559	-18.4989462015671	-16.6314449890247	-1.4483575441643	-17.5627108898534	-18.9511742187824	-16.9580071513811	-16.7858909698591	-15.9625213842337	-14.8483552010752	-14.9964676909796	-16.2591430830832	-18.0771195366256	-19.2473999552595	-16.6151410700316	-14.9264708811837	-17.8271855015068	-15.132446627779	-15.1116981096071	-15.0121503648098	-16.6757407401323	-6.5694742102189	-16.8992197797449	-15.7752571162942
EP-SM-80S-S67-Index-C9	-8.32053935508845	-0.163274816844922	-16.6024446844936	-15.0079439579559	-18.4989462015671	-12.8827125935983	-3.29996229963617	-17.5627108898534	-11.2383334671756	-16.9580071513811	-16.7858909698591	-15.9625213842337	-14.8483552010752	-14.9964676909796	-16.2591430830832	-18.0771195366256	-19.2473999552595	-16.6151410700316	-14.9264708811837	-12.2477754512123	-15.132446627779	-15.1116981096071	-15.0121503648098	-16.6757407401323	-13.375349087677	-16.8992197797449	-15.7752571162942
EP-SM-80S-S57-Index-A8	-1.3074610330845	-15.5120296778104	-16.6024446844936	-15.0079439579559	-18.4989462015671	-16.6314449890247	-7.45209142432989	-17.5627108898534	-18.9511742187824	-16.9580071513811	-16.7858909698591	-15.9625213842337	-14.8483552010752	-14.9964676909796	-16.2591430830832	-18.0771195366256	-19.2473999552595	-16.6151410700316	-14.9264708811837	-17.8271855015068	-15.132446627779	-15.1116981096071	-15.0121503648098	-16.6757407401323	-0.76058264930248	-16.8992197797449	-15.7752571162942
EP-SM-80S-S43-Index-C6	-0.0609960074717003	-7.24743050646336	-16.6024446844936	-15.0079439579559	-13.7257753892028	-16.6314449890247	-7.05722666277651	-6.02388903993601	-18.9511742187824	-16.9580071513811	-7.39185041891081	-8.36246563497143	-10.6157218437381	-14.9964676909796	-16.2591430830832	-18.0771195366256	-19.2473999552595	-11.0978016639513	-14.9264708811837	-17.8271855015068	-15.132446627779	-15.1116981096071	-15.0121503648098	-16.6757407401323	-9.13431132253974	-16.8992197797449	-15.7752571162942
EP-SM-80S-S29-Index-E4	-11.2784994245458	-3.85761864409602	-0.41097173451632	-15.0079439579559	-17.4989462015671	-11.2964989086919	-7.03432339550978	-17.5627108898534	-7.39627717722654	-5.78644353446205	-4.40574978306812	-4.30866725971816	-10.0850788144592	-10.1011303267352	-7.73032491400684	-17.0771195366256	-8.64102387285017	-16.6151410700316	-13.0284216146789	-7.7911963951936	-12.5403661289477	-11.6974361019844	-6.16832523054821	-10.0072443390591	-9.04517085043897	-6.988461916805	-15.7752571162942
EP-SM-80S-S38-Index-F5	-0.0561038579624723	-5.55182178589998	-12.8855374814134	-15.0079439579559	-15.8954002280411	-11.2075338356287	-19.3466060686035	-17.5627108898534	-12.6327324071526	-16.9580071513811	-16.7858909698591	-15.9625213842337	-14.8483552010752	-14.9964676909796	-16.2591430830832	-18.0771195366256	-19.2473999552595	-16.6151410700316	-14.9264708811837	-17.8271855015068	-15.132446627779	-15.1116981096071	-15.0121503648098	-16.6757407401323	-6.14201020113788	-16.8992197797449	-15.7752571162942
EP-SM-80S-S35-Index-C5	-1.30455829085097	-15.5120296778104	-11.9428837382831	-15.0079439579559	-18.4989462015671	-16.6314449890247	-2.67315513354651	-17.5627108898534	-3.21700627916227	-16.9580071513811	-16.7858909698591	-15.9625213842337	-14.8483552010752	-14.9964676909796	-16.2591430830832	-18.0771195366256	-19.2473999552595	-16.6151410700316	-14.9264708811837	-17.8271855015068	-15.132446627779	-15.1116981096071	-7.24087198107701	-16.6757407401323	-5.65065994442594	-16.8992197797449	-15.7752571162942
210714-LD-024.02	-15.2970127097091	-2.16945310089942	-16.6024446844936	-2.74692452529297	-18.4989462015671	-16.6314449890247	-2.08099576106555	-17.5627108898534	-6.52598815571981	-2.12628932265227	-12.0860783741109	-15.9625213842337	-14.8483552010752	-6.98942050465981	-16.2591430830832	-18.0771195366256	-19.2473999552595	-16.6151410700316	-14.9264708811837	-17.8271855015068	-15.132446627779	-15.1116981096071	-15.0121503648098	-16.6757407401323	-19.9290624523733	-16.8992197797449	-15.7752571162942
210520-UC-057.01	-15.2970127097091	-2.69896025469901	-5.01901177388366	-15.0079439579559	-12.051199556693	-16.6314449890247	-9.90945362293779	-17.5627108898534	-18.9511742187824	-4.74944705420647	-1.29546330041315	-3.52994970805704	-6.98303743238044	-4.97267511130313	-6.84249326883729	-4.11825206922229	-5.98494054036253	-12.515006527752	-11.167083224331	-7.58230422823853	-12.7362784091947	-12.065083510829	-11.1452304126848	-6.49348400512522	-6.39064818329843	-5.49921569978234	-7.76111579221553
230831-LD-362.04	-15.2970127097091	-15.5120296778104	-16.6024446844936	-15.0079439579559	-0.795686917369477	-1.69178645062424	-19.3466060686035	-17.5627108898534	-18.9511742187824	-16.9580071513811	-16.7858909698591	-15.9625213842337	-14.8483552010752	-14.9964676909796	-16.2591430830832	-18.0771195366256	-19.2473999552595	-16.6151410700316	-14.9264708811837	-17.8271855015068	-15.132446627779	-15.1116981096071	-15.0121503648098	-16.6757407401323	-19.9290624523733	-16.8992197797449	-15.7752571162942
230831-LD-248.06	-0.00120919638746197	-15.5120296778104	-16.6024446844936	-15.0079439579559	-18.4989462015671	-16.6314449890247	-11.1203545960808	-17.5627108898534	-18.9511742187824	-16.9580071513811	-16.7858909698591	-15.9625213842337	-14.8483552010752	-14.9964676909796	-16.2591430830832	-18.0771195366256	-19.2473999552595	-16.6151410700316	-14.9264708811837	-17.8271855015068	-15.132446627779	-15.1116981096071	-15.0121503648098	-16.6757407401323	-19.9290624523733	-16.8992197797449	-15.7752571162942
230831-LD-248.07	-0.0832088088064885	-5.88872030981428	-16.6024446844936	-15.0079439579559	-18.4989462015671	-16.6314449890247	-6.80399945101369	-17.5627108898534	-18.9511742187824	-16.9580071513811	-16.7858909698591	-15.9625213842337	-14.8483552010752	-14.9964676909796	-16.2591430830832	-18.0771195366256	-19.2473999552595	-16.6151410700316	-14.9264708811837	-17.8271855015068	-15.132446627779	-15.1116981096071	-15.0121503648098	-16.6757407401323	-9.76374800432922	-16.8992197797449	-15.7752571162942
230831-LD-363.04	-15.2970127097091	-4.01824404372788	-2.71986387739977	-15.0079439579559	-10.5844241459344	-11.1256720288598	-1.8356937160959	-17.5627108898534	-5.46131367829759	-4.61293201716199	-1.69446079587544	-6.87561279915801	-5.96541820809085	-14.9964676909796	-6.4378475790249	-5.89692364042868	-19.2473999552595	-7.28394067956997	-9.00672621466322	-14.0074091472397	-12.8187162444665	-9.85814102151596	-8.46564110616328	-9.36054440999097	-19.9290624523733	-16.8992197797449	-3.94007212203103
210125-UC-027.02	-0.378772009404845	-4.27045410686334	-16.6024446844936	-15.0079439579559	-10.5792988798868	-7.32270197456946	-8.36149513677571	-6.32110608560525	-9.11474921642138	-7.42047500309197	-4.50027490741097	-5.45710438499158	-8.08343588843349	-14.9964676909796	-16.2591430830832	-16.7270568370129	-19.2473999552595	-16.6151410700316	-14.9264708811837	-17.8271855015068	-15.132446627779	-15.1116981096071	-3.69157598892403	-16.6757407401323	-19.9290624523733	-16.8992197797449	-15.7752571162942
210125-UC-021.04	-0.00525071025208605	-8.8609109079362	-16.6024446844936	-15.0079439579559	-11.9542886458248	-16.6314449890247	-19.3466060686035	-17.5627108898534	-18.9511742187824	-16.9580071513811	-16.7858909698591	-15.9625213842337	-14.8483552010752	-14.9964676909796	-16.2591430830832	-18.0771195366256	-19.2473999552595	-16.6151410700316	-14.9264708811837	-17.8271855015068	-15.132446627779	-15.1116981096071	-15.0121503648098	-16.6757407401323	-9.66700868158566	-16.8992197797449	-15.7752571162942
210125-UC-030.01	-15.2970127097091	-4.1106878114049	-13.5390425170048	-15.0079439579559	-9.00146420877531	-8.62601251771532	-19.3466060686035	-10.6369311439307	-18.9511742187824	-4.01408403058636	-1.01986403971443	-3.55141485704995	-7.78276056756399	-8.09005015764186	-16.2591430830832	-8.45718539958764	-11.6546766941214	-10.5927660928696	-5.76033914885492	-9.22969380757686	-15.132446627779	-8.50789290415583	-5.09092890796707	-4.53473769381598	-6.63265425254372	-5.37520566116734	-2.99212287800678
210125-UC-031.01	-0.0279863287505442	-10.9940474736566	-6.1704119932518	-10.0763884782385	-18.4989462015671	-16.6314449890247	-8.77314807932255	-9.35792123756143	-18.9511742187824	-16.9580071513811	-16.7858909698591	-15.9625213842337	-14.8483552010752	-14.9964676909796	-16.2591430830832	-18.0771195366256	-19.2473999552595	-16.6151410700316	-14.9264708811837	-17.8271855015068	-15.132446627779	-15.1116981096071	-15.0121503648098	-16.6757407401323	-19.9290624523733	-16.8992197797449	-15.7752571162942
210125-UC-029.02	-15.2970127097091	-4.15742352769914	-16.6024446844936	-15.0079439579559	-18.4989462015671	-8.7720233828234	-6.43877957372209	-17.5627108898534	-18.9511742187824	-11.5185731248488	-0.906643424254927	-2.27204847698536	-11.7356172729949	-10.8490662233088	-3.79842381448217	-6.08099117943603	-11.5753633414044	-9.02341958397708	-14.9264708811837	-8.47072119942848	-15.132446627779	-5.95492501034472	-7.12346994294691	-4.2510784617363	-19.9290624523733	-16.8992197797449	-12.8800774257767
201209-UC-015.01	-3.30898258493152	-1.76017411237457	-6.51741528303991	-6.30445853196801	-5.92124104216184	-2.6499830938916	-1.48601462055497	-12.4518884574877	-18.9511742187824	-16.9580071513811	-16.7858909698591	-15.9625213842337	-14.8483552010752	-14.9964676909796	-16.2591430830832	-18.0771195366256	-19.2473999552595	-16.6151410700316	-14.9264708811837	-17.8271855015068	-15.132446627779	-15.1116981096071	-15.0121503648098	-16.6757407401323	-19.9290624523733	-16.8992197797449	-15.7752571162942
201209-UC-012.04	-0.420460566994003	-7.05772887090282	-16.6024446844936	-15.0079439579559	-9.42130514609789	-9.39374969115745	-2.40901685952185	-17.5627108898534	-18.9511742187824	-16.9580071513811	-16.7858909698591	-15.9625213842337	-14.8483552010752	-14.9964676909796	-16.2591430830832	-18.0771195366256	-19.2473999552595	-16.6151410700316	-14.9264708811837	-17.8271855015068	-15.132446627779	-15.1116981096071	-15.0121503648098	-16.6757407401323	-4.22664155499643	-16.8992197797449	-15.7752571162942
211004-UC-077-02	-0.183353040659213	-4.17804537222773	-5.37786799174416	-9.92294289390723	-12.8192939060701	-15.0930080104411	-10.3140348897537	-11.7006905876628	-18.9511742187824	-5.51328330453849	-7.34001339511074	-11.7485568989281	-14.8483552010752	-9.4184082972354	-16.2591430830832	-18.0771195366256	-8.29559589163111	-16.6151410700316	-14.9264708811837	-17.8271855015068	-15.132446627779	-15.1116981096071	-15.0121503648098	-10.5304987120557	-19.9290624523733	-16.8992197797449	-15.7752571162942
211004-LD-117-09	-0.487529817832233	-8.56858356785934	-16.6024446844936	-15.0079439579559	-18.4989462015671	-16.6314449890247	-2.93373951580797	-7.73306199363012	-8.30166543305382	-16.9580071513811	-4.01778376212065	-4.38503866303864	-8.80977591928551	-14.9964676909796	-16.2591430830832	-18.0771195366256	-19.2473999552595	-16.6151410700316	-14.9264708811837	-17.8271855015068	-15.132446627779	-15.1116981096071	-15.0121503648098	-16.6757407401323	-4.89737558359064	-16.8992197797449	-15.7752571162942
211004-LD-102-12	-0.0151430999414459	-9.63041508101949	-16.6024446844936	-8.33160896076933	-18.4989462015671	-16.6314449890247	-7.40812884139768	-12.3754454629447	-18.9511742187824	-16.9580071513811	-16.7858909698591	-15.9625213842337	-14.8483552010752	-14.9964676909796	-16.2591430830832	-18.0771195366256	-19.2473999552595	-16.6151410700316	-14.9264708811837	-17.8271855015068	-15.132446627779	-15.1116981096071	-15.0121503648098	-16.6757407401323	-19.9290624523733	-16.8992197797449	-15.7752571162942
211004-LD-117-05	-0.117735093882718	-8.81593963414163	-16.6024446844936	-15.0079439579559	-18.4989462015671	-16.6314449890247	-6.94291938237462	-3.88811828255601	-18.9511742187824	-16.9580071513811	-16.7858909698591	-15.9625213842337	-14.8483552010752	-14.9964676909796	-16.2591430830832	-18.0771195366256	-19.2473999552595	-16.6151410700316	-14.9264708811837	-17.8271855015068	-15.132446627779	-15.1116981096071	-15.0121503648098	-16.6757407401323	-11.0243774435532	-16.8992197797449	-15.7752571162942
211203-LD-136.16	-5.40249844424287	-5.62142356517006	-2.19058719337008	-15.0079439579559	-10.6405339038333	-8.79050332971625	-3.69140947927044	-17.5627108898534	-5.11838502346287	-16.9580071513811	-6.99457809623053	-15.9625213842337	-14.8483552010752	-14.9964676909796	-16.2591430830832	-18.0771195366256	-19.2473999552595	-16.6151410700316	-14.9264708811837	-17.8271855015068	-15.132446627779	-15.1116981096071	-14.0121503648098	-7.78291839939665	-0.827472729451797	-16.8992197797449	-15.7752571162942
211203-LD-202.05	-2.69031314009514	-6.12045453234652	-13.5988603471445	-12.9832010492016	-17.0440430100437	-16.6314449890247	-0.271147348295709	-11.2499784635642	-10.217322763119	-16.9580071513811	-16.7858909698591	-15.9625213842337	-14.8483552010752	-14.9964676909796	-16.2591430830832	-18.0771195366256	-19.2473999552595	-16.6151410700316	-14.9264708811837	-17.8271855015068	-15.132446627779	-15.1116981096071	-10.7656563418497	-16.6757407401323	-19.9290624523733	-16.8992197797449	-15.7752571162942
211203-LD-194.08	-4.7064664521297	-4.39813526437263	-12.6826920822185	-12.6779572731084	-8.77529569930703	-16.6314449890247	-3.19862727437992	-12.5027895337179	-2.9899441953398	-16.9580071513811	-0.916752986704209	-2.90971006695272	-6.32169713787588	-14.9964676909796	-16.2591430830832	-18.0771195366256	-19.2473999552595	-9.43921447989499	-14.9264708811837	-17.8271855015068	-15.132446627779	-15.1116981096071	-15.0121503648098	-16.6757407401323	-19.9290624523733	-16.8992197797449	-15.7752571162942
211203-LD-202.04	-7.42186763534444	-0.882989757146555	-10.5021616835409	-13.3496146742058	-18.4989462015671	-16.6314449890247	-1.15090691738381	-10.8152244638175	-18.9511742187824	-16.9580071513811	-15.7858909698591	-15.9625213842337	-14.8483552010752	-14.9964676909796	-15.2591430830832	-18.0771195366256	-19.2473999552595	-16.6151410700316	-14.9264708811837	-17.8271855015068	-15.132446627779	-15.1116981096071	-13.8590338253317	-16.6757407401323	-19.9290624523733	-16.8992197797449	-15.7752571162942
211106-UC-037.05	-15.2970127097091	-0.610154071397456	-16.6024446844936	-15.0079439579559	-18.4989462015671	-16.6314449890247	-1.76066223152564	-17.5627108898534	-18.9511742187824	-16.9580071513811	-16.7858909698591	-15.9625213842337	-14.8483552010752	-14.9964676909796	-16.2591430830832	-18.0771195366256	-19.2473999552595	-16.6151410700316	-14.9264708811837	-17.8271855015068	-15.132446627779	-15.1116981096071	-15.0121503648098	-16.6757407401323	-19.9290624523733	-16.8992197797449	-15.7752571162942
211106-UC-007.01	-15.2970127097091	-10.8983378155432	-8.71468571060947	-12.302357971962	-18.4989462015671	-14.7148745986069	-4.15196068494345	-0.100824932381919	-18.9511742187824	-16.9580071513811	-16.7858909698591	-15.9625213842337	-14.8483552010752	-14.9964676909796	-16.2591430830832	-18.0771195366256	-19.2473999552595	-16.6151410700316	-14.9264708811837	-17.8271855015068	-15.132446627779	-15.1116981096071	-15.0121503648098	-16.6757407401323	-19.9290624523733	-16.8992197797449	-15.7752571162942
211106-UC-081.02	-8.5645141460282	-4.56882339186309	-10.7457349396882	-15.0079439579559	-9.87520266600042	-16.6314449890247	-6.74762820504367	-17.5627108898534	-8.38321291249697	-2.39515519495934	-2.03070090824109	-3.08690415508144	-4.69071265548566	-3.47720275616286	-6.9454402263828	-6.2791396369306	-4.86492552348497	-7.80977026952575	-6.36218948451552	-6.03139057682668	-11.4454180468146	-9.55621056868685	-4.18774560633269	-7.88061364272483	-4.81282511004944	-5.79517030163493	-7.9392039910609
211106-UC-084.02	-8.33865895454743	-9.96140152017559	-4.87868778878497	-15.0079439579559	-18.4989462015671	-16.6314449890247	-10.4054802283583	-17.5627108898534	-18.9511742187824	-5.30301398553505	-2.08357474287881	-4.45562631362358	-9.1525042303914	-14.9964676909796	-16.2591430830832	-10.2364850170823	-1.72568583963091	-4.88904299871742	-14.9264708811837	-17.8271855015068	-15.132446627779	-7.66834507492237	-1.75407313234969	-16.6757407401323	-19.9290624523733	-16.8992197797449	-15.7752571162942
211106-UC-085.04	-15.2970127097091	-1.28886118733042	-16.6024446844936	-15.0079439579559	-7.53620381416414	-2.70181111542427	-19.3466060686035	-17.5627108898534	-1.35562570988984	-16.9580071513811	-16.7858909698591	-15.9625213842337	-14.8483552010752	-14.9964676909796	-16.2591430830832	-18.0771195366256	-19.2473999552595	-16.6151410700316	-14.9264708811837	-17.8271855015068	-15.132446627779	-15.1116981096071	-15.0121503648098	-16.6757407401323	-19.9290624523733	-16.8992197797449	-15.7752571162942
211106-UC-085.01	-8.2068857211183	-10.1283715244015	-0.668181205185741	-15.0079439579559	-18.4989462015671	-10.2060330140538	-6.94486811645835	-17.5627108898534	-5.51402440260486	-2.47488328051881	-3.95317194943104	-5.71595411485701	-10.0976815295522	-7.45624398303787	-16.2591430830832	-5.63577905012206	-19.2473999552595	-16.6151410700316	-8.62699300859417	-14.4454610623522	-7.47913586846391	-6.54153887937494	-6.42547328017571	-8.84130499639772	-6.36938513150631	-16.8992197797449	-15.7752571162942
211106-LD-171.01	-15.2970127097091	-3.20349555384379	-0.208634154874701	-7.95981120637206	-7.05792228962772	-16.6314449890247	-6.80979950997536	-17.5627108898534	-18.9511742187824	-8.77835388532748	-10.8594639465888	-15.9625213842337	-11.3741903042819	-14.9964676909796	-16.2591430830832	-18.0771195366256	-10.998952473962	-14.6534777800418	-14.9264708811837	-17.8271855015068	-15.132446627779	-15.1116981096071	-12.7515534373276	-16.6757407401323	-9.86860687213559	-16.8992197797449	-15.7752571162942
221007-UC-160.01	-9.5195426881537	-10.3554624769696	-4.62509769867532	-15.0079439579559	-9.00475525898715	-16.6314449890247	-19.3466060686035	-17.5627108898534	-17.9511742187824	-0.633347640450038	-3.73571511195395	-5.40679177501394	-13.7090994315841	-5.85028448675258	-7.73576567244658	-8.97778959998299	-3.95014050603438	-16.6151410700316	-10.4999631069501	-16.8271855015068	-15.132446627779	-8.67195057484917	-6.35786689948068	-8.64452825304564	-10.1659523152144	-4.36310829322903	-5.36602508338939
221007-UC-154.05	0	-15.5120296778104	-16.6024446844936	-15.0079439579559	-18.4989462015671	-16.6314449890247	-19.3466060686035	-17.5627108898534	-18.9511742187824	-16.9580071513811	-16.7858909698591	-15.9625213842337	-14.8483552010752	-14.9964676909796	-16.2591430830832	-18.0771195366256	-19.2473999552595	-16.6151410700316	-14.9264708811837	-17.8271855015068	-15.132446627779	-15.1116981096071	-15.0121503648098	-16.6757407401323	-19.9290624523733	-16.8992197797449	-15.7752571162942
221007-UC-102.05	-0.366979461801047	-6.09010278970899	-12.5600099952521	-15.0079439579559	-18.4989462015671	-16.6314449890247	-6.54456127397594	-17.5627108898534	-4.15238558649352	-16.9580071513811	-16.7858909698591	-15.9625213842337	-14.8483552010752	-14.9964676909796	-16.2591430830832	-18.0771195366256	-19.2473999552595	-16.6151410700316	-14.9264708811837	-17.8271855015068	-15.132446627779	-15.1116981096071	-15.0121503648098	-16.6757407401323	-2.80789603405456	-16.8992197797449	-15.7752571162942
221007-LD-403.04	-4.46915228106792	-8.62305859492249	-16.6024446844936	-8.79278452353135	-18.4989462015671	-16.6314449890247	-8.5841130033246	-0.107821345725775	-5.68293649833031	-16.9580071513811	-16.7858909698591	-15.9625213842337	-14.8483552010752	-14.9964676909796	-16.2591430830832	-18.0771195366256	-19.2473999552595	-16.6151410700316	-14.9264708811837	-17.8271855015068	-15.132446627779	-15.1116981096071	-15.0121503648098	-16.6757407401323	-19.9290624523733	-16.8992197797449	-15.7752571162942
221007-LD-404.06	-1.63962961761193	-3.67169157396149	-6.85065434991091	-15.0079439579559	-11.0244212836105	-10.2290822022081	-2.92264510924486	-17.5627108898534	-2.19935286061107	-16.9580071513811	-16.7858909698591	-5.61350498211726	-14.8483552010752	-14.9964676909796	-16.2591430830832	-18.0771195366256	-19.2473999552595	-16.6151410700316	-14.9264708811837	-17.8271855015068	-15.132446627779	-15.1116981096071	-2.25045601553632	-16.6757407401323	-7.47975522203199	-16.8992197797449	-15.7752571162942
221007-UC-159.01	-15.2970127097091	-2.84711805429618	-2.75083559585437	-15.0079439579559	-9.63383422057872	-13.5929468589158	-4.03904080163667	-12.8153392802533	-7.47689175442991	-5.93183800869776	-1.63628164841107	-5.33552783475011	-7.81728868027603	-8.93715587908147	-5.24940860884891	-6.57217999243984	-8.19319705220805	-9.64380723219941	-8.00953570749271	-9.26245675052528	-12.1073837291299	-10.187963024301	-2.56183828439987	-8.03244215915187	-10.5681150059361	-16.8992197797449	-4.57220203621137
221005-HT-099.02	-15.2970127097091	-1.72981575170408	-3.84814360033786	-15.0079439579559	-18.4989462015671	-9.47621363237451	-1.79838228812478	-17.5627108898534	-4.63848291916749	-4.08080726779869	-2.98857617882781	-4.74792304039983	-9.87365836411614	-8.52639231239105	-7.09280946568038	-6.94701597897929	-9.59322001386427	-16.6151410700316	-9.59959414378561	-12.359309927644	-7.76139344623064	-9.02344718010429	-9.41218529184708	-11.0389559682546	-7.79112793158218	-9.96601890005537	-4.59440578671502
210828-UC-072.01	-15.2970127097091	-15.5120296778104	-16.6024446844936	-15.0079439579559	-18.4989462015671	-16.6314449890247	-19.3466060686035	-17.5627108898534	-18.9511742187824	-16.9580071513811	-16.7858909698591	-15.9625213842337	-14.8483552010752	-14.9964676909796	-16.2591430830832	-18.0771195366256	-19.2473999552595	-16.6151410700316	-14.9264708811837	-17.8271855015068	-15.132446627779	-15.1116981096071	-15.0121503648098	-16.6757407401323	-19.9290624523733	-16.8992197797449	-15.7752571162942
210828-LD-060.05	-0.0396300457103163	-5.21589609062254	-16.6024446844936	-13.515404404591	-18.4989462015671	-16.6314449890247	-19.3466060686035	-13.236688376525	-18.9511742187824	-16.9580071513811	-16.7858909698591	-15.9625213842337	-14.8483552010752	-14.9964676909796	-16.2591430830832	-18.0771195366256	-19.2473999552595	-16.6151410700316	-14.9264708811837	-17.8271855015068	-15.132446627779	-15.1116981096071	-15.0121503648098	-16.6757407401323	-19.9290624523733	-16.8992197797449	-15.7752571162942
EP-SM-24S-UC4-1	-12.0546596329889	-1.88169432815711	-1.54836805010309	-15.0079439579559	-9.22279343912886	-6.18169217944828	-5.35637702289856	-17.5627108898534	-5.34030175297829	-5.3237678790909	-3.58966908346094	-7.40881218155853	-5.92374821795721	-14.9964676909796	-16.2591430830832	-18.0771195366256	-7.31893177401943	-10.2330486230065	-14.9264708811837	-7.68030742686338	-15.132446627779	-12.780308206969	-7.38121930833415	-6.51588851901403	-4.27705888217976	-16.8992197797449	-15.7752571162942
EP-SM-24S-UC2-1	-2.50422162496678	-4.79891521850929	-6.49653918821906	-9.50337053567099	-0.942896201028329	-5.82284689732408	-3.60565728137938	-13.1883199679087	-7.86716244991329	-15.0069240310979	-6.69310916244177	-10.1333535086901	-14.8483552010752	-13.2973916670548	-10.6077997696632	-18.0771195366256	-14.1799403022914	-8.98600115668831	-13.397466968456	-6.77379687060134	-15.132446627779	-10.9815189642306	-9.55627768538803	-11.7311821851695	-8.10102192133884	-13.9631289132182	-15.7752571162942
EP-SM-24S-UC1-1	-0.110825217946419	-15.5120296778104	-16.6024446844936	-9.26020456699257	-18.4989462015671	-16.6314449890247	-3.79405918609823	-17.5627108898534	-18.9511742187824	-16.9580071513811	-16.7858909698591	-15.9625213842337	-14.8483552010752	-14.9964676909796	-16.2591430830832	-18.0771195366256	-19.2473999552595	-16.6151410700316	-14.9264708811837	-17.8271855015068	-15.132446627779	-15.1116981096071	-15.0121503648098	-16.6757407401323	-19.9290624523733	-16.8992197797449	-15.7752571162942
220610-LD-318.06	-15.2970127097091	-3.38886313288639	-16.6024446844936	-15.0079439579559	-18.4989462015671	-16.6314449890247	-19.3466060686035	-17.5627108898534	-18.9511742187824	-16.9580071513811	-16.7858909698591	-15.9625213842337	-14.8483552010752	-14.9964676909796	-16.2591430830832	-18.0771195366256	-19.2473999552595	-16.6151410700316	-14.9264708811837	-17.8271855015068	-15.132446627779	-15.1116981096071	-15.0121503648098	-16.6757407401323	-19.9290624523733	-16.8992197797449	-15.7752571162942
220610-UC-135.01	-8.84911106816416	-4.80698673123471	-0.31228228335262	-15.0079439579559	-18.4989462015671	-16.6314449890247	-2.70747816303461	-17.5627108898534	-18.9511742187824	-10.9737031471306	-16.7858909698591	-9.37947028493152	-14.8483552010752	-14.9964676909796	-16.2591430830832	-9.81727471657226	-13.0257831103171	-16.6151410700316	-14.9264708811837	-17.8271855015068	-15.132446627779	-12.3040842728042	-15.0121503648098	-12.4268273375165	-18.9290624523733	-16.8992197797449	-14.7752571162942
EP-SM-24S-UC1-2	-0.0705322627694949	-15.5120296778104	-16.6024446844936	-14.0079439579559	-18.4989462015671	-16.6314449890247	-4.39129823028263	-17.5627108898534	-18.9511742187824	-16.9580071513811	-16.7858909698591	-15.9625213842337	-14.8483552010752	-14.9964676909796	-16.2591430830832	-18.0771195366256	-19.2473999552595	-16.6151410700316	-14.9264708811837	-17.8271855015068	-15.132446627779	-15.1116981096071	-15.0121503648098	-16.6757407401323	-19.9290624523733	-16.8992197797449	-15.7752571162942
EP-SM-24S-UC3-4	-1.13358146629518	-2.85124334687223	-13.8540816500247	-15.0079439579559	-8.59511814724721	-8.63067371822111	-8.30779575275792	-17.5627108898534	-10.3410452877919	-6.78690604163755	-2.30634171426931	-3.44592606001793	-10.6181806737229	-9.38598764771933	-16.2591430830832	-6.68950776826005	-8.01828028190279	-8.96928037719356	-8.99539462430381	-12.5185644903902	-15.132446627779	-6.75205214554851	-4.57262325871574	-7.90021569839538	-19.9290624523733	-6.52756709833624	-15.7752571162942
EP-SM-24S-UC3-1	-14.2970127097091	-5.84849816257053	-15.2608200580857	-15.0079439579559	-15.8073084109922	-11.1676344999278	-11.0464571761556	-17.5627108898534	-18.9511742187824	-4.31548827134014	-1.91833177526988	-4.42939868266106	-5.43740260877612	-1.69801899770965	-4.44610048164896	-4.96041080982327	-7.1285692950885	-6.15979081234214	-9.80805011839692	-10.1358139001011	-15.132446627779	-4.90564756091924	-4.55720482181413	-4.34399243369016	-6.21259094300584	-6.40536228701564	-15.7752571162942
EP-SM-24S-UC2-2	-2.02078462272525	-1.69188212444381	-16.6024446844936	-15.0079439579559	-7.94067008377503	-8.84953601833168	-3.65648130837997	-17.5627108898534	-5.79030503709234	-16.9580071513811	-16.7858909698591	-15.9625213842337	-6.99776988211769	-14.9964676909796	-16.2591430830832	-18.0771195366256	-19.2473999552595	-10.8287373001981	-14.9264708811837	-17.8271855015068	-15.132446627779	-15.1116981096071	-15.0121503648098	-16.6757407401323	-1.59498612202033	-16.8992197797449	-15.7752571162942
220610-UC-131.01	-0.0329819357411448	-6.01251933418624	-16.6024446844936	-13.0575096547232	-18.4989462015671	-16.6314449890247	-7.86830861418786	-9.09220757890418	-18.9511742187824	-16.9580071513811	-16.7858909698591	-15.9625213842337	-14.8483552010752	-14.9964676909796	-16.2591430830832	-18.0771195366256	-19.2473999552595	-16.6151410700316	-14.9264708811837	-17.8271855015068	-15.132446627779	-15.1116981096071	-15.0121503648098	-16.6757407401323	-10.1454626250891	-16.8992197797449	-15.7752571162942
220610-UC-136.01	-15.2970127097091	-7.00953541783857	-4.89408465387949	-15.0079439579559	-13.4833443386985	-16.6314449890247	-19.3466060686035	-17.5627108898534	-14.5458084256452	-3.0894933880056	-3.70758295254284	-3.41369166844329	-5.3173444235446	-4.16250236716962	-4.89391536011103	-7.46839399723248	-5.69793343339071	-13.6841633480866	-6.43331125419509	-7.27491018543329	-15.132446627779	-5.35575069450859	-8.53164802490413	-8.67795568564651	-5.28953362333085	-4.58563559054412	-7.48308964807358
220610-LD-312.07	-0.429521407629316	-6.65972418283721	-16.6024446844936	-15.0079439579559	-12.7210593147806	-16.6314449890247	-2.01477229581025	-17.5627108898534	-18.9511742187824	-16.9580071513811	-16.7858909698591	-15.9625213842337	-14.8483552010752	-14.9964676909796	-16.2591430830832	-18.0771195366256	-19.2473999552595	-16.6151410700316	-14.9264708811837	-17.8271855015068	-15.132446627779	-15.1116981096071	-15.0121503648098	-16.6757407401323	-19.9290624523733	-16.8992197797449	-15.7752571162942
210226-UC-039.01	-6.31654402370734	-3.41902880088623	-5.38263441009692	-15.0079439579559	-10.2720037906816	-5.15572529857226	-7.41087347489497	-17.5627108898534	-14.0109497489759	-2.61630214457478	-2.11832854116854	-2.57682104806606	-9.19681629428731	-5.72966930066542	-8.69776769655339	-5.71361520380209	-4.38841113125344	-6.67182411345568	-9.88738541618416	-8.6885461187194	-15.132446627779	-11.7406672596399	-3.38990221833599	-7.60323842694274	-11.3858591355494	-6.6029770251718	-8.32029934772225
210226-UC-034.05	-0.016205435322468	-15.5120296778104	-16.6024446844936	-15.0079439579559	-18.4989462015671	-16.6314449890247	-19.3466060686035	-6.48423991981294	-18.9511742187824	-16.9580071513811	-16.7858909698591	-15.9625213842337	-14.8483552010752	-14.9964676909796	-16.2591430830832	-18.0771195366256	-19.2473999552595	-16.6151410700316	-14.9264708811837	-17.8271855015068	-15.132446627779	-15.1116981096071	-15.0121503648098	-16.6757407401323	-19.9290624523733	-16.8992197797449	-15.7752571162942
210226-UC-041.02	-7.93442856452514	-9.13136797550732	-0.907506180819516	-15.0079439579559	-18.4989462015671	-7.9127783463482	-2.39827265340962	-17.5627108898534	-3.86573765398927	-3.13483196475802	-4.85918537958217	-6.28980186101401	-14.8483552010752	-14.9964676909796	-16.2591430830832	-18.0771195366256	-19.2473999552595	-16.6151410700316	-9.46346309655162	-17.8271855015068	-15.132446627779	-15.1116981096071	-6.46066001425142	-14.1372154301991	-9.48256647794403	-5.68363277859841	-15.7752571162942
210226-UC-033.02	-15.2970127097091	-5.5777068135409	-3.79798113971554	-15.0079439579559	-18.4989462015671	-16.6314449890247	-19.3466060686035	-17.5627108898534	-18.9511742187824	-8.25776825741388	-1.06786799678325	-2.61821942638716	-6.1058473533924	-12.2999252227348	-6.39165017986976	-7.01807095046043	-8.97977240774266	-16.6151410700316	-5.09839920740453	-9.41303102458932	-15.132446627779	-10.4462331193164	-4.75578980755357	-5.45349357607745	-19.9290624523733	-9.13696852000898	-3.19373203158575
220418-UC-127.01	-2.05145881030727	-15.5120296778104	-16.6024446844936	-1.51411844514867	-18.4989462015671	-16.6314449890247	-1.33002394584796	-6.52111707355067	-18.9511742187824	-16.9580071513811	-16.7858909698591	-15.9625213842337	-14.8483552010752	-14.9964676909796	-16.2591430830832	-18.0771195366256	-19.2473999552595	-16.6151410700316	-14.9264708811837	-17.8271855015068	-15.132446627779	-15.1116981096071	-15.0121503648098	-16.6757407401323	-19.9290624523733	-16.8992197797449	-15.7752571162942
210226-UC-038.02	-0.595316590395701	-4.8456488557838	-4.27998521429234	-15.0079439579559	-11.3594948939221	-7.72702807464949	-4.23153186795674	-17.5627108898534	-7.36856665662733	-16.9580071513811	-4.714292457927	-5.77911744139662	-14.8483552010752	-14.9964676909796	-16.2591430830832	-18.0771195366256	-19.2473999552595	-6.6638586288497	-14.9264708811837	-17.8271855015068	-15.132446627779	-15.1116981096071	-4.77446825774337	-16.6757407401323	-10.5426605992967	-16.8992197797449	-15.7752571162942
220418-LD-312.05	-0.0505240832881733	-11.5128726197225	-16.6024446844936	-15.0079439579559	-18.4989462015671	-16.6314449890247	-4.95513422270158	-17.5627108898534	-18.9511742187824	-16.9580071513811	-16.7858909698591	-15.9625213842337	-14.8483552010752	-14.9964676909796	-16.2591430830832	-18.0771195366256	-19.2473999552595	-16.6151410700316	-14.9264708811837	-17.8271855015068	-15.132446627779	-15.1116981096071	-15.0121503648098	-16.6757407401323	-19.9290624523733	-16.8992197797449	-15.7752571162942
220418-LD-318.01	-15.2970127097091	-4.03039761639766	-8.01673500063995	-15.0079439579559	-18.4989462015671	-16.6314449890247	-0.810041628467493	-17.5627108898534	-18.9511742187824	-16.9580071513811	-16.7858909698591	-8.24730209645446	-14.8483552010752	-14.9964676909796	-16.2591430830832	-18.0771195366256	-19.2473999552595	-16.6151410700316	-14.9264708811837	-17.8271855015068	-15.132446627779	-15.1116981096071	-8.45548058693899	-16.6757407401323	-7.55024193046339	-16.8992197797449	-15.7752571162942
220418-UC-128.01	-15.2970127097091	-8.57942557416504	-4.00543873787352	-15.0079439579559	-18.4989462015671	-16.6314449890247	-19.3466060686035	-17.5627108898534	-18.9511742187824	-2.5070937056863	-1.19249490543806	-2.87392670580796	-4.99263070898318	-4.62639834338984	-7.54432985836494	-5.67810938395021	-6.51426434052368	-16.6151410700316	-8.25896972450854	-8.61431917696478	-8.12065022559971	-7.72340064814146	-6.61660020340578	-7.03953835763403	-19.9290624523733	-7.30619688160241	-15.7752571162942
220418-LD-279.08	-15.2970127097091	-9.19652003949436	-15.6024446844936	-12.6517255872657	-18.4989462015671	-16.6314449890247	-9.34707548380936	-0.00514530398661925	-18.9511742187824	-16.9580071513811	-16.7858909698591	-15.9625213842337	-14.8483552010752	-14.9964676909796	-16.2591430830832	-18.0771195366256	-19.2473999552595	-16.6151410700316	-14.9264708811837	-17.8271855015068	-15.132446627779	-15.1116981096071	-15.0121503648098	-16.6757407401323	-19.9290624523733	-16.8992197797449	-15.7752571162942
220418-UC-128.03	-5.74208041499294	-3.32240019525819	-2.60781274162818	-15.0079439579559	-8.36872868702044	-6.88007492986938	-4.57863012835107	-17.5627108898534	-6.02669612446823	-1.84211356282837	-16.7858909698591	-6.76389122004474	-14.8483552010752	-9.45715174957225	-16.2591430830832	-2.53033864694047	-7.25910906073505	-16.6151410700316	-5.542576538367	-10.7984007504716	-15.132446627779	-5.75782989687658	-3.90121441818463	-4.30772426011927	-19.9290624523733	-6.01921147390609	-15.7752571162942
210630-LD-011.04	-15.2970127097091	-3.27175443255128	-1.27106990527786	-15.0079439579559	-13.1764855714206	-9.19597433620961	-2.36938805701067	-17.5627108898534	-4.24734543259377	-4.07412198838731	-3.38328871235836	-5.39537575490258	-8.65894057341762	-10.9648595809522	-7.21646210064215	-5.70512009495349	-7.22174871930573	-10.1721345565145	-10.2647761717881	-12.6258961145205	-7.6234094724926	-8.31324347085924	-9.71778548074901	-10.3938587541057	-8.7372455689173	-15.8992197797449	-9.3191520017145
210630-LD-020.01	-5.82302398446203	-7.92835222185167	-1.12102241630739	-15.0079439579559	-14.7096767729921	-16.6314449890247	-9.24436751600786	-17.5627108898534	-5.19100516160457	-2.19514118342577	-5.11582258808423	-7.93504867345435	-9.63054235137443	-14.9964676909796	-16.2591430830832	-18.0771195366256	-19.2473999552595	-10.4826641929507	-14.9264708811837	-17.8271855015068	-15.132446627779	-15.1116981096071	-7.80782311966445	-8.35405997327973	-2.43368883942374	-4.82730826629058	-15.7752571162942
210630-UC-058.03	-1.56232805812241	-10.7696463512783	-16.6024446844936	-15.0079439579559	-18.4989462015671	-16.6314449890247	-2.0763745495615	-17.5627108898534	-12.9629843050291	-16.9580071513811	-16.7858909698591	-6.28920927085475	-14.8483552010752	-14.9964676909796	-16.2591430830832	-18.0771195366256	-19.2473999552595	-16.6151410700316	-14.9264708811837	-17.8271855015068	-15.132446627779	-15.1116981096071	-15.0121503648098	-16.6757407401323	-1.28673121442636	-16.8992197797449	-15.7752571162942
220614-LD-330.05	-0.0350714849489374	-8.21290726914552	-10.9867101235169	-5.63282578059183	-18.4989462015671	-16.6314449890247	-19.3466060686035	-17.5627108898534	-18.9511742187824	-16.9580071513811	-16.7858909698591	-15.9625213842337	-14.8483552010752	-14.9964676909796	-16.2591430830832	-18.0771195366256	-19.2473999552595	-16.6151410700316	-14.9264708811837	-17.8271855015068	-15.132446627779	-15.1116981096071	-15.0121503648098	-16.6757407401323	-19.9290624523733	-16.8992197797449	-15.7752571162942
220614-LD-317.11	-0.174008806373063	-3.30920053576208	-16.6024446844936	-10.3953212093665	-18.4989462015671	-16.6314449890247	-6.38141086045391	-17.5627108898534	-18.9511742187824	-16.9580071513811	-16.7858909698591	-15.9625213842337	-14.8483552010752	-14.9964676909796	-16.2591430830832	-18.0771195366256	-19.2473999552595	-16.6151410700316	-14.9264708811837	-17.8271855015068	-15.132446627779	-15.1116981096071	-15.0121503648098	-16.6757407401323	-19.9290624523733	-16.8992197797449	-15.7752571162942
220614-LD-315.05	-3.87362899804969	-0.795523065717443	-10.6229563878494	-15.0079439579559	-10.0662437934202	-16.6314449890247	-2.93871496006873	-17.5627108898534	-2.92629663538567	-16.9580071513811	-16.7858909698591	-6.20041962544006	-4.45399144995229	-14.9964676909796	-16.2591430830832	-18.0771195366256	-19.2473999552595	-16.6151410700316	-14.9264708811837	-17.8271855015068	-15.132446627779	-15.1116981096071	-4.9955038108027	-16.6757407401323	-19.9290624523733	-16.8992197797449	-15.7752571162942
220614-LD-330.08	-0.0199561242203745	-7.04858155397058	-16.6024446844936	-10.7935526715673	-18.4989462015671	-16.6314449890247	-7.71010213758042	-10.2096148122533	-18.9511742187824	-16.9580071513811	-16.7858909698591	-15.9625213842337	-14.8483552010752	-14.9964676909796	-16.2591430830832	-18.0771195366256	-19.2473999552595	-16.6151410700316	-14.9264708811837	-17.8271855015068	-15.132446627779	-15.1116981096071	-15.0121503648098	-16.6757407401323	-19.9290624523733	-16.8992197797449	-15.7752571162942
220614-LD-315.04	-5.98371332572458	-2.39119305131102	-3.74222977900635	-15.0079439579559	-6.44363374182827	-4.31929536275944	-19.3466060686035	-17.5627108898534	-3.78150997614051	-16.9580071513811	-16.7858909698591	-15.9625213842337	-14.8483552010752	-14.9964676909796	-16.2591430830832	-18.0771195366256	-19.2473999552595	-16.6151410700316	-14.9264708811837	-17.8271855015068	-10.6098287107015	-15.1116981096071	-4.28634032602421	-16.6757407401323	-3.16859322938167	-16.8992197797449	-15.7752571162942
220107-UC-110.01	-15.2970127097091	-9.35470635583051	-2.92594730935243	-15.0079439579559	-18.4989462015671	-16.6314449890247	-19.3466060686035	-5.59036945381222	-3.04851962805	-1.13137486261691	-2.78381212410625	-7.43954015612489	-6.8795270216693	-14.9964676909796	-5.37748340589276	-18.0771195366256	-19.2473999552595	-6.85330098942731	-14.9264708811837	-17.8271855015068	-6.30571135544374	-15.1116981096071	-4.60224872422915	-8.78213897926749	-5.60553239380387	-16.8992197797449	-15.7752571162942
220107-UC-106.01	-0.810080599067956	-7.78971962275355	-16.6024446844936	-15.0079439579559	-18.4989462015671	-16.6314449890247	-2.88180549645241	-5.83088533452914	-4.79372350767208	-6.29090637370096	-3.9405634364015	-4.75429746449274	-14.8483552010752	-12.3693380411341	-16.2591430830832	-6.70457628587644	-4.23965061980623	-8.88388190548779	-5.74086865425727	-17.8271855015068	-10.0525069424039	-15.1116981096071	-5.08113467078956	-7.18451346070425	-19.9290624523733	-16.8992197797449	-15.7752571162942
220107-UC-108.01	-15.2970127097091	-1.44527177749118	-5.05659999549474	-15.0079439579559	-12.4820992026338	-6.55571362529762	-19.3466060686035	-17.5627108898534	-8.43205599327639	-2.76535056115754	-1.91282478255025	-4.7884532692896	-7.2280754401554	-14.9964676909796	-4.50224145985602	-6.44521758870906	-19.2473999552595	-7.76043525770273	-14.9264708811837	-7.94836381132109	-15.132446627779	-7.55066213624071	-7.11665053530292	-5.64214209965499	-5.00621087500189	-16.8992197797449	-15.7752571162942
210305-UC-036.01	-4.22091931892003	-6.38997542383253	-6.7468154932621	-15.0079439579559	-8.03453065755459	-13.6439908300261	-0.123246563940863	-17.5627108898534	-18.9511742187824	-13.2461423012755	-16.7858909698591	-15.9625213842337	-10.0246514704521	-14.9964676909796	-11.3572156753562	-18.0771195366256	-19.2473999552595	-11.4611927472697	-14.9264708811837	-13.1123397973963	-15.132446627779	-15.1116981096071	-15.0121503648098	-15.6757407401323	-9.84457445537006	-13.4555080423143	-15.7752571162942
210305-UC-036.04	-0.870051962104124	-3.31668392309057	-9.44011505852459	-15.0079439579559	-7.25168327686442	-14.855386655679	-1.98052384947544	-17.5627108898534	-6.13383103506174	-16.9580071513811	-7.35859509477294	-6.50461138061713	-6.09269164788868	-14.9964676909796	-16.2591430830832	-18.0771195366256	-19.2473999552595	-16.6151410700316	-14.9264708811837	-17.8271855015068	-15.132446627779	-15.1116981096071	-7.71362060281306	-16.6757407401323	-4.66169313612053	-16.8992197797449	-15.7752571162942
210305-UC-031.03	-0.0475456549152315	-5.02300706853712	-16.6024446844936	-15.0079439579559	-18.4989462015671	-16.6314449890247	-19.3466060686035	-11.6002037188292	-18.9511742187824	-16.9580071513811	-16.7858909698591	-15.9625213842337	-14.8483552010752	-14.9964676909796	-16.2591430830832	-18.0771195366256	-19.2473999552595	-16.6151410700316	-14.9264708811837	-17.8271855015068	-15.132446627779	-15.1116981096071	-15.0121503648098	-16.6757407401323	-19.9290624523733	-16.8992197797449	-15.7752571162942
211004-UC-082.02	-15.2970127097091	-7.19038705727933	-16.6024446844936	-11.1021428297789	-4.77166605997614	-7.43970333035765	-0.0988807762861748	-17.5627108898534	-18.9511742187824	-16.9580071513811	-16.7858909698591	-15.9625213842337	-14.8483552010752	-14.9964676909796	-16.2591430830832	-18.0771195366256	-19.2473999552595	-16.6151410700316	-14.9264708811837	-17.8271855015068	-15.132446627779	-15.1116981096071	-15.0121503648098	-16.6757407401323	-19.9290624523733	-16.8992197797449	-15.7752571162942
