feature	Enterococcus_faecium	Streptococcus_parasanguinis	Streptococcus_thermophilus	Bifidobacterium_longum	Bifidobacterium_breve	Enterococcus_faecalis	Rothia_mucilaginosa	Lacticaseibacillus_rhamnosus	Staphylococcus_epidermidis	Phocaeicola_vulgatus	Blautia_wexlerae	Faecalibacterium_prausnitzii	Anaerostipes_hadrus	Eubacterium_rectale	Collinsella_aerofaciens	Bacteroides_stercoris	Fusicatenibacter_saccharivorans	Dorea_longicatena	Blautia_faecis	Blautia_obeum	Parabacteroides_distasonis	Ruminococcus_torques	Flavonifractor_plautii	Bacteroides_uniformis	Bacteroides_caccae	Bilophila_wadsworthia	Ruthenibacterium_lactatiformans	Ruminococcus_gnavus	Alistipes_onderdonkii	Bacteroides_thetaiotaomicron	Enterocloster_bolteae	Lactococcus_lactis	Eggerthella_lenta	Erysipelatoclostridium_ramosum	Blautia_producta	Streptococcus_salivarius	Clostridium_innocuum	Bifidobacterium_dentium	Hungatella_hathewayi	Streptococcus_gordonii	Limosilactobacillus_fermentum	Parabacteroides_merdae	Enterocloster_clostridioformis	Bacteroides_ovatus	Escherichia_coli	Lacticaseibacillus_paracasei	Clostridium_symbiosum	Lactobacillus_gasseri	Veillonella_parvula	Klebsiella_pneumoniae	Gemmiger_formicilis	Candidatus_Cibionibacter_quicibialis	Phocaeicola_dorei
220325-LD-037.04	0.9385442	0.0485644	0.0079347	0.0002303999999999	0.0001249999999999	0	0	0	0	0	0	0	0	0	0	0	0	0	0	0	0	0	0	0	0	0	0	0	0	0	0	0	0	0	0	0	0	0	0	0	0	0	0	0	0	0	0	0	0	0	0	0	0
230426-LD-438.03	0.557414392236984	0	0	0	0	0.411450541225351	0.00430698949676212	0.0017009839468576	0.00109089303109321	0	0	0	0	0	0	0	0	0	0	0	0	0	0	0	0	0	0	0	0	0	0	0	0	0	0	0	0	0	0	0	0	0	0	0	0	0	0	0	0	0	0	0	0
230426-LD-456.01	0	0	0	0	0	0	0	0	0	0	0	0	0	0	0	0	0	0	0	0	0	0	0	0	0	0	0	0	0	0	0	0	0	0	0	0	0	0	0	0	0	0	0	0	0	0	0	0	0	0	0	0	0
230426-HT-119.01	0	0	0	0.0050872924009573	0	0	0	0	0	0.136904200693953	0.0610216533120785	0.0321059549450092	0.0257316827717452	0.023500865824892	0.0209259032652153	0.0197682009899537	0.0189374816253214	0.0166029083424776	0.0140925845313235	0.0140056565591725	0.011024138560513	0.0105249713973538	0.0105248599512357	0.00952619128656301	0.0088068065939548	0.0054265343845823	0.00539722405551089	0.00286739717368188	0.0026290139269755	0.0012564435359357	8.72623105053785e-05	0	0	0	0	0	0	0	0	0	0	0	0	0	0	0	0	0	0	0	0	0	0
230426-LD-456.05	0	0.013282	0	0	0	0	0	0	0.7680007	0	0	0	0	0	0	0	0	0	0	0	0	0	0	0	0	0	0	0	0	0	0	0.1806053	0	0	0	0	0	0	0	0	0	0	0	0	0	0	0	0	0	0	0	0	0
230426-LD-463.01	0.432236543223654	0	0	0	0	0	0	0.567680356768036	0	0	0	0	0	0	0	0	0	0	0	0	0	0	0	0	0	0	0	0	0	0	0	0	0	0	0	0	0	0	0	0	0	0	0	0	0	0	0	0	0	0	0	0	0
230809-LD-492.01	0.9554663	0	0.041204	0	0	0	0.0001246999999999	0.0005779999999999	0	0	0	0	0	0	0	0	0	0	0	0	0	0	0	0	0	0	0	0	0	0	0	0.0001615999999999	0	0	0	0	0	0	0	0	0	0	0	0	0	0	0	0	0	0	0	0	0
230809-UC-198.01	0	0.0153976669008232	0.0152382247934788	0.000525546101776007	0	0	0	0	0	0	0.579767168308175	0	0	0.0027916936589663	0	0	0	0	0.00727425730319199	0	0	0	8.10773664946121e-05	0	0	0	0.00766728661883873	0.0055996630718013	6.11847784327368e-05	0	0	0.00108575353123569	0.0343523897629125	0.0152505823103051	0.0126736884153605	0.00693759032038722	0.00617052006860734	0.00124388955956595	0.000966197067631485	0.000847343877342605	0	0	0	0	0	0	0	0	0	0	0	0	0
230809-LD-482.02	0.0368389	0.0024840999999999	7.99999999999995e-05	0	0.8242388	0	0.0016117	0	0	0	0	0	0	0	0	0	0	0	0	0	0	0	0	0	0	0	0	0.0023355999999999	0	0	0	0	0	0	0	0.0007305999999999	0.0001107999999999	0	0	0	0.0255820999999999	0	0	0	0	0	0	0	0	0	0	0	0
230809-LD-496.02	0.00335351368496422	0.00454615634210006	0.00132815266179409	0.0452845279381432	0.00928094437772641	0	0.000471247913510273	0.0165937357049095	0	0.0112218187231755	0.0236143025232692	0.0408495847783503	0	0	0	0.026755550332966	0	0	0	0	0.00600054204001856	0.0510815288709204	0.0167410628004385	0.0105893282613349	0	0	0.0272043789058524	0.00651176927030683	0.0188172262703429	0.012862958632893	0.000184987170173288	0	0.00611131346191952	0.00192706933274963	0.0147732410701999	0	0.00996147628376132	0.00149723645733766	5.14650873437632e-05	0.000545684541986017	0	0.0110790196718118	0.00670084272423928	0.00211757850800272	0.00134703791916702	0.00112991267942917	5.52200507980282e-06	0	0	0	0	0	0
230809-LD-331.02	0	0.000118213498998046	0.0153596264373151	0	0	0	0	0	0	0.000340390652463152	0.00058113274422593	0	0	0	0	0.00502467581352816	0	0	0	0.000492924199557534	0	0	0.000574108172978162	0.0295753516224402	0	0	0.00586712260817104	0.000556847797912319	0.00554650110621946	0.00134952048771388	0	0	0.00775101226580458	0.000673756733678637	0	0.000419366903491625	0.00893214374560779	0.721148103952819	0.00246271432844939	2.62919666702153e-05	0.00557490044426401	0.00215323178947642	0.00913776298113163	0.000390867214429253	0	0	0.00126482422866937	0.0231626205303532	0	0	0	0	0
230809-LD-491.01	0.142967519289326	0.00942090807625613	0.00837872568321156	0.00842747683940794	0	0	0.00173268891452314	0.0100534593850779	0.0473394966797126	0.00168545491049055	0	0	0.000278144563360978	0	0.0031729720353456	0	0	0	0	0	0	0	0	0	0.000585620735222054	0.000630123865359725	0	0	0	0	0	0.00654297156502844	0.00330466084316238	0	0	0.114886246459346	0	0.000280066289435109	0	0	0.197465142164744	0	0	0	0.00252524920488584	0	0	0.000172449629283768	0.000428140340620789	0	0	0	0
230809-LD-492.03	0.9841949	0.0006066999999999	0.0008176	0	0	0	0.0015080999999999	0.0114259	0	0	0	0	0	0	0	0	0	0	0	0	0	0	0	0	0	0	0	0	0	0	0	0	0	0	0	0	0	0	0	0	0.0001354999999999	0	0	0	0	0	0	0	0	0	0	0	0
230809-UC-196.01	0	0.00548994995854463	0.00060390549553991	0.0965263783900434	0.634479373762302	0	0.00111261012475204	1.23001119310178e-05	0	0	0	0	0	0	0	0	0	0	0	0	0	0	0	0	0	0	0	0	0	0	0	0	0	0	0	0.0161500469654274	0	0.000185801690795286	0	0.000632805758532303	0.00290952647669084	0	0	0	0	0	0	0	0.00131271194567871	0	0	0	0
230809-LD-499.05	0	0	0	0	0	0	0	0	0.996599	0	0	0	0	0	0	0	0	0	0	0	0	0	0	0	0	0	0	0	0	0	0	0	0	0	0	0	0	0	0	0	0	0	0	0	0	0	0	0	0	0	0	0	0
230809-UC-194.01	0.355507993860985	0.042422740879789	0.000503044792386171	0.000227359769356826	0	0.159034391103813	0.0077915178228759	0	0	0	0	0	0	0	0	0	0	0	0	0	0	0	0	0	0	0	0	0	0	0	0.0009831828117219	0.00022283869572843	0	0	0	0	0.00311903846207935	0	0	0	0	0	0	0	0	0	0	0	0.000973437386345134	0	0	0	0
230809-LD-499.10	0	0	0.0678289	0	0	0	0	0.001487	0.8873461	0	0	0	0	0	0	0	0	0	0	0	0	0	0	0	0	0	0	0	0	0	0	0	0	0	0	0	0	0	0	0	0	0	0	0	0	0.0071094999999999	0	0	0	0	0	0	0
230809-UC-187.01	0.00534202750449917	0	0.0186059021739207	0	0.000303278041355468	0	0	0.224115249267363	0	0.00230352864954191	0	3.97281192116453e-05	0	0	0	5.50776198161447e-05	0	0	0	9.3300886027348e-06	0.0617286687839615	0.00466073038943289	0.000591306905639899	0.00038534269164619	0	0.000316721394826075	0.000914148036001302	0	0	0	0	0	0.00188818922142006	0.000272679363679831	9.66115626283193e-05	0.00255875171841673	0.100173850650964	0	0	0	0	0.23294271696795	9.22976506937223e-05	0.0140843205252619	0	0	0	0	0.273656615218418	0.0318150001941261	0	0	0
230809-LD-331.03	0	0.000174664934089753	0.0253513527944009	0	0	0	0.000192876443805283	0.0416242679956103	0	0.01467733861136	0.000475258318883019	0	0	0	0	0.000207983718910211	0	0	0	0	0	0	0.00113439080120078	0.0170310727676052	0	0	0	0.00143663977778647	0.000173009342297432	0.0153042905282145	0.0154984086658641	5.47380036336095e-05	0.00270854817223691	0.00750355590074646	0	0.000307940073371587	0.00334864134894309	0.194853737777853	0.00630232058093062	5.16337690230073e-05	0.00123434715566216	0.0389309305729652	0.0367614844781027	8.84706864021483e-05	0	0	0.0050429325994095	0.347297008407717	0.000724321409140297	0	0	0	0
220706-LD-136.14	0.000321211331847519	0.000212773747380743	1.54053394906671e-05	5.50190696095264e-05	0.730677052666455	0	0	0	0	0	0	0	0	0	0	0	0	0	0	0	0	0	0	0	0	0	0	0.0142629435362297	0	0	0	0	0.00790473978280873	0.000864299566229557	0	6.72232995956397e-05	0.00115940184868065	0.199450629588215	0	0	4.52156717518284e-05	0	0	0	0.00166917853728092	0	0	0.000676934625541114	0.00152262774277555	0	0	0	0
220706-LD-317.12	0.998357	0	0	0	0	0	0	0	0	0	0	0	0	0	0	0	0	0	0	0	0	0	0	0	0	0	0	0	0	0	0	0	0	0	0	0	0	0	0	0	0	0	0	0	0	0	0	0	0	0	0	0	0
220706-LD-327.02	0.0256292974370703	0.0316376968362303	0.0361993963800604	0	0	0	0	0.0416798958320105	0	0	0.0571364942863506	0	0	0	0	0	0	0	0	0.0265001973499803	0	0	0	0	0	0	0	0	0	0	0.00183579981641992	0.01097229890277	0	0	0	0	0	0.164319683568032	0	0	0	0	0.0240170975982903	0.00594229940577007	0	0	0	0.0860247913975209	0.0181583981841601	0.00260939973906003	0	0	0
220706-LD-363.03	0	0	0	0.010575504155692	0.0530598570570061	0	0.000331726419805963	0.00335082807542145	0	0.04804874957569	0.00199457974267626	0.0264900328153824	0.0121079113662423	0.0073094094271047	0.0159134990929003	0	0.0147466910495538	0.012120575037762	0.0016633681062652	0.0180217430092158	0.00139125360361237	0.00326877160224161	0.00877602731976073	0.0108510162287524	0.00586894253092023	0	0.0269292460080865	0	0.000889030923347315	0	0.0373699798709398	0	0	0.000271805632615668	0.0056904156494976	4.00501481392166e-05	1.6473068643379e-05	0	0.00111090256663784	0	0.35733071631183	0.0528022594460954	0.00262817514537217	0.036000964909996	0	0	0	0	0	0	0.00248084413769294	0.0013027108596543	0
220706-UC-098.04	0.9837778	0	0	0	0	0	0	1.81999999999992e-05	0.0118173	0	0	0	0	0	0	0	0	0	0	0	0	0	0	0	0	0	0	0	0	0	0	0.0008904999999999	0	0	0	0	0	0	0	0	0	0	0	0	0	0	0	0	0	0	0	0	0
210327-UC-049.01	0	0.0138067939975911	0.00175473606016137	0.13612075868279	0	0.00478800135012037	4.06518025920431e-05	0	0	0	0	0	0	0	0	0	0	0	0	0	0	0	0	0	0	0	0	0	0	0	0	0.0013372039990559	0.00893168164191623	0.00215995242737812	0	0.0498555309030298	0.0649086130456041	0.015958035324414	0	0.000432651327586645	0.184734907692874	0.163819555259267	0	0	0.103681521362673	0.000116648645368694	0	0.00127772820905671	0.00680827578583381	0.01063395084356	0	0	0
211126-LD-146.09	0.267362526736253	0	0	0	0	0	0	0.126941912694191	0	0	0	0	0	0	0	0	0	0	0	0	0	0	0	0	0	0	0	0	0	0	0	0	0	0	0	0	0	0	0	0	0	0	0	0	0.00606840060684006	0.00578770057877006	0	0	0	0.0190710019071002	0	0	0
211126-LD-191.04	0.00152498912007197	0.00183360653100474	0.00984421805915639	0.0148835932380191	0	0	0.00631639084426541	0	0	0.0223853458801059	0.00100491163127787	0.00456702966960583	0	0	0.000363228722332282	0.00574032617769921	0.00607931848470115	0	0.0118831461872839	0	0.013575673497173	0	0.000478378154120638	0.0390502627269758	0.00576297505490758	0.000487480039353909	0	0.00195785784802647	0.00936837996603098	0.00657865214203338	0.00894630649730675	0.000442605628436494	0.00105476032831136	0.000581991475555198	0	0	0.000685816468739368	0	0.00045869268140682	0	0	0.00579451414559962	0	0.0137360148475032	0.125479965692244	0	0.00438827287705938	0	0.000828800735601564	0.265002341089552	0	0.00249899667590675	0.00717852988043091
211126-LD-193.09	0.830587200000001	0.0163537999999999	0.0120133	0	0	0	0.00713790000000001	0.0022906999999999	0	0	0	0	0	0	0	0	0	0	0	0	0	0	0	0	0	0	0	0	0	0	0	0.000990299999999901	0	0	0	0	0	0	0	0	0	0	0	0	0	0.0003920999999999	0	0	0	0	0	0	0
211126-LD-194.05	0	0	0.480276296055259	0	0	0	0	0	0	0	0	0	0	0	0	0	0	0	0	0	0	0	0	0	0	0	0	0	0	0	0	0.100849620169924	0	0	0	0	0	0	0	0	0.0075087015017403	0	0	0	0	0	0	0	0	0	0	0	0
211126-LD-193.02	0	0.000244935318411119	0	0.0349181416572831	0	0.00362919274470099	4.28558603094985e-05	0	0	0.121963711826352	0.0628170981744344	0.0802752826896634	0.00157628233649307	0.00489808073522724	0.000931358988526521	0.0399461455115996	0.00129516457640935	0.00402386289377995	0.0091763677145429	0.00710531394941573	0.0555561058808775	0	0.00356871488830315	0.0213550439105734	0.0180594178255563	0.00203768667194205	0.00150527299130871	0.00651659329903259	0	0	0.024026809625197	0	0.00869181495819681	0	0	0.00239294194219622	0.000891735565369321	0	0.000903309775817871	0	0.00132582059327308	0	0.000376005431328491	0.0296425956804004	0.0104914482746972	0	0	0.00169369279563793	0.0087970255738957	0	0.0132346404231698	0.0289933971736196	0
211126-LD-203.04	0.97607189760719	0	0.000188200018820002	0	0	0	0	0.00583580058358006	0	0	0	0	0	0	0	0	0	0	0	0	0	0	0	0	0	0	0	0	0	0	0	0	0	0	0	0	0	0	0	0	0.0176207017620702	0	0	0	0	0.000122400012239901	0	0	0	0	0	0	0
210423-UC-046.06	0.96566610343339	8.33999916599997e-05	0.00460589953941005	0	0	0.0101400989859901	0	0.00904879909512009	0.01031459896854	0	0	0	0	0	0	0	0	0	0	0	0	0	0	0	0	0	0	0	0	0	0	0.000100199989979901	0	0	0	0	0	0	0	0	0	0	0	0	0	0	0	0	0	0	0	0	0
210423-UC-052.04	0.9815593	0	0	0	0	0	0	0	0	0	0	0	0	0	0	0	0	0	0	0	0	0	0	0	0	0	0	0	0	0	0	0.0153584	0	0	0	0	0	0	0	0	0	0	0	0	0	0	0	0	0	0	0	0	0
210122-UC-023.01	0.136200748430589	0.00362459106189223	0.0540626442611476	0.063732359458975	0	0.0387139090527657	0.00603591145006674	0.0258168498021776	0.000469947117180257	0	0	0.00927587287695157	0	0	0	0	0	0	0	0	0	0	0	0	0	0	0	0.00185415316891359	0	0	0	0.0660898056623972	0	0	0.00013398449665179	0	0.00127946181892456	0	0	0	0	0	0	0	0.0149439778575098	0.51284028106703	0	0	0	0	0	0	0
210122-UC-022.01	0	0	0	0	0	0	0	0	0	0	0	0	0	0	0.00192459863394923	0	0	0	0	0	0	0	1.17384163150738e-05	0.00115487957438299	0	0	0.00168441257704079	0	0	0.0956512378059679	0.0173483760302341	0	0	0	0	0	0	0	0.00948052692045249	0	0	0.00184222906305456	0	0	0	0	0.0042272344702507	0	0	0	0	0	0.1928237543007
210122-UC-021.02	0	0	0	0	0	0	0	0	0	0.0209310999999999	0	0	0	0	0	0	0	0	0	0	0.1542192	0.0176392999999999	0	0	0	0	0	0	0.1730592	0	0.0473356999999999	0	0	0	0	0	0.0241480999999999	0	0	0	0	0	0	0.0456348999999999	0	0	0	0	0	0	0	0	0.4100856
220729-UC-013.02	0	0	0.0124407	0	0	0	0	0.9818022	0	0	0	0	0	0	0	0	0	0	0	0	0	0	0	0	0	0	0	0	0	0	0	0	0	0	0	0	0	0	0	0	0	0	0	0	0	0.0050509	0	0	0	0	0	0	0
211126-LD-191.08	0	0.0614082810921547	0.000197554373651329	0.00024397305164738	0	0	0.000294461613733132	0.00383174087201998	0	0.00267017395344571	0	0	0	0	0	1.01197117906074e-05	0	0	0	0	0.00686325453451089	0	0.00117795645180026	0.022315394457566	0	0.000529964906599353	0.0148842260972408	0.0517209669868605	0.000880744916384676	0.0133695692346682	0.00155887560322272	0.00021295393507182	0.00432859672156539	0.00865950337734385	0.0231887695838424	0	0.00769516084181926	0	0.00160375432507672	0.00120798559657011	0.00463548798130221	0.006494765029092	0	0.00885265787630373	0	0	0.000544374496214241	0	0.000157185523356186	0.0361219812459743	0	0	0.0242338498199572
211126-LD-206.05	0	0.00249986458636931	0	0.0546629490251512	0	0	0.000231724963309253	0.00101139795873615	0	0.0169627625412368	0.0179323757225285	0.0121921790245577	0.014987941738608	0.0438010735076776	0.00675107879525712	0	0.0387886541432705	0.00426906301505545	0.00419106476382577	0.0237652211369072	0.037823580542738	0.0200964145049924	0.00164590754215224	0.0303075823895221	0.0092428959430077	0.00115274399601746	0.00202496253556211	0.013633805432537	0.0115258923758258	0	0	0	0.000964970428242287	0	5.80859992623174e-05	0.0100912816835655	0.00116615639371568	0.00284683299759353	0.00015960753260879	0.000506885460702865	0.00356408675757857	0.025793382013459	0	0.0183903575177779	0.00356697558169819	0	0	0.0046565781362442	0.0756133205743608	0	0.0178675835244172	0.00484992300767864	0.0406717547801015
210628-UC-060.02	0.000145887824470331	0.0149946267653126	0.0201701424257403	0.00294717419886772	0	0.85440715310617	0.000208325411897963	0.000163198245343697	0	0	0.000284871492638569	0	0	0	0	0	0	0	0	0	0	0	0	0	0	0	0	0.000547629673063184	0	0	0	0	0	0.000201221135123244	0	0	0.00071883273730786	0.000322894382418216	0	0	0.000446368713965708	0	0.000140384511475909	1.57094570931701e-05	0.000196418243782757	0	0	0	0.000505604373833048	0	0	0	0
210628-UC-059.02	0.9956382	0	4.28e-05	0	0	0.0031452	0	0	0	0	0	0	0	0	0	0	0	0	0	0	0	0	0	0	0	0	0	0	0	0	0	0	0	0	0	0	0	0	0	0	0	0	0	0	0	0	0	0	0	0	0	0	0
210628-UC-059.03	0.9998191	0	0	0	0	0	0	0	0	0	0	0	0	0	0	0	0	0	0	0	0	0	0	0	0	0	0	0	0	0	0	0	0	0	0	0	0	0	0	0	0	0	0	0	0	0	0	0	0	0	0	0	0
210806-UC-040.02	0.0105553793447593	0.0661077496825647	0.0204913475948727	0.0103089458728895	0.0250693586853005	0.000558084277175818	0.000833287090796965	0.00443744060564277	0	0	0	0	0	0	0	0	0	0	0	0	0	0	0.0437539711417906	0	0	0	0	0	0	0	0	0.0225430828571375	0	0	0	2.04763998230017e-05	0.101439368049158	0	0	0.00133219457248441	0	0	0	0.351714622053779	0	0.000360794164881193	0	0	0.00823673421080168	0.0763064301424073	0	0	0
210806-LD-095.03	0.9917535	0	0	0	0	0	0	0.0082465	0	0	0	0	0	0	0	0	0	0	0	0	0	0	0	0	0	0	0	0	0	0	0	0	0	0	0	0	0	0	0	0	0	0	0	0	0	0	0	0	0	0	0	0	0
210806-HT-056.03	0.00505832006351422	0.0982195320149812	0.00933828248776686	0.0226656981063346	0	0	0.000495765997645339	0.00138302137580228	0	0	0	0.00354470176837261	0	0.0123902320335558	0	0.00225098859356461	0	0	0	0	0.00194468858812967	0	0.00628100860603563	0	0	0.000733452390842727	0.00216127855589544	0.133463320800383	0	0	0.0125855246575523	3.0338668954188e-05	0	0	0.0324531335374598	0.00495213472217466	0.00935897707652359	0	0.0051529526004509	0.00113589182074498	0.09522122766529	0	0.000310619749689808	0	0.000174698494408293	0.000758969019698237	0.0243114202083464	0	0.0014273238692089	0.053002759713824	0	0	0.111113365861343
210806-LD-095.02	0.9640693	0	0	0	0	0	0	0.0359307	0	0	0	0	0	0	0	0	0	0	0	0	0	0	0	0	0	0	0	0	0	0	0	0	0	0	0	0	0	0	0	0	0	0	0	0	0	0	0	0	0	0	0	0	0
210806-UC-040.01	0.00412281165070921	0.00339916387371027	0.000338215805091564	0.00680943154936242	0.139991232998179	0	0	0.0284098275249445	0	0	0	0	0	0	0	0	0	0	0	0	0	0	0	0	0	0	0	0	0	0	0	0	0	0	0	0.0137392043035535	0.000219975319549314	0.00571855803427085	0	0.000150451514598499	0.0530873771179253	0	0	0.049915290995637	0.000673430582631395	0.00123792386513132	0	0.000867497030983311	0.000689436062907842	0.659242524640439	0	0	0
210806-LD-060.09	0.8094808	0	0.0175089	0	0	0	0	0.0033117	0.0232306999999999	0	0	0	0	0	0	0	0	0	0	0	0	0	0	0	0	0	0	0	0	0	0	0	0	0	0	0	0	0	0	0	0.0197799	0	0	0	0	0	0	0	0.0820615	0	0	0	0
230213-LD-032.02	0	0.0133045194704121	0.00103785784211798	0.686275081271397	0	0	0.000622594105928134	0.000315970277487933	0	0.0231942685564451	0.0220204349555989	0.0121124954687309	0	0	0	0.00552676637083305	0.0150955202067716	0	0	0	0	0	0.00221802290844802	0.00942564261610932	0	0	0.000312754295019862	0.00485050555746897	0.00058199232726873	0	0.00459312646057112	0.00095775977877257	0.00206707273135301	0.00233661226195826	0.00547209466887593	0	0.000962583752474577	0.000681185286518413	0.000487623341721254	0.000266424047589205	0	0.00760067306493072	6.15056647018687e-05	0.00101082348949575	0.00253238519470202	0	0	0.000542898040391235	0.000249741138536084	0	0	0	3.81897918083463e-06
211025-UC-046.02	0.4666343	0.0014479999999999	0	0	0	0.473714	0	0.0311662999999999	0.00597609999999991	0	0	0	0	0	0	0	0	0	0	0	0	0	0	0	0	0	0	0	0	0	0	0	0	0	0	0	0	0	0	0	0	0	0	0	0	0.00904209999999991	0	0.00648789999999991	0	0	0	0	0
211025-UC-081.03	0.5405517	0	0.0235674999999999	0	0	0.2276481	0.0041394	0	0.2030597	0	0	0	0	0	0	0	0	0	0	0	0	0	0	0	0	0	0	0	0	0	0	0.0001277999999999	0	0	0	0	0	0	0	0	0	0	0	0	0	2.84999999999998e-05	0	0	0	0	0	0	0
211025-LD-146.03	0.0739571495097314	0.00570712676727902	0.0276116935218165	0.00173113437143214	0	0.00335274390314226	0.000911202535600243	0.0926015469280345	1.033063964412e-05	0.00879729188801072	0	0	0	0	0	0	0	0	0	0	0.000557353053421146	0	0.000258968073408825	0.0064810220633376	0.00143636010042175	0	0.00934852679562311	0.00154899416178435	0.0832250371376471	0	0.0422478027582008	0	0.0236460317656137	0.00511697644042459	0.00563942597349483	0	0.0159436873824075	0.00486833900665979	0.021763749103466	0.00219531107311176	0.00259961018384418	0.000238607686537403	0.0155369811323404	0.00947750934496621	0.0929181860480004	0.00366567201663406	0.00668592979919147	0.00103095771749422	0.0352132389453883	0.000166493803973105	0	0	0.00177376079714817
211025-UC-016.01	0.0624005875198825	0	0.000630999873799926	0.00124609975078005	0	0	0	0	0.00024369995125991	0	0	0	0	0	0	0	0	0	0	0	0	0	0	0	0	0	0	0	0	0	0	0.0848135830372835	0	0	0	0	0	0	0	0	0.00115379976923995	0	0	0	0	0	0	0.000357899928419915	0	0	0	0	0
211025-UC-056.01	0	0.000405723714189816	0	0	0	0	0.000411643026538284	0	0	0.208066738541165	0	0.000376026825119536	0	0	0	0.00450108524070634	0	0	0	0	0.0572762695570569	0	0.0025095877810945	0.00141591957921906	0	0.00678413391531211	0	0	0.153065090163167	0.106322989385168	0	0	0	0	0	0.000173164968024577	0.0015884825832762	0	0	0	0	0	0	0	0	0	0	0	0	0	0	0	0.0929128374233777
211025-LD-135.08	0	0.00713517395124435	0	0.000772205406037825	0	0	0.000623985173976148	0	0	0.386894011032506	0	0	0	0	0	0	0	0	0	0	0	0	0	0.310473579643622	0	0	0	0	0	0	0	0	0	0	0	0	0	0	0.218823369389922	0	0.00326554574699447	0	0	0	0	0	0	0.0276418731156803	0.0004518616791191	0	0	0	0
211025-UC-048.02	0	0.00107715296324971	0.000721381285546326	0	0	0.0003184276979895	0.000160920428712803	0	0.0115869735766247	0	0	0	0	0	0	0.00874069976795538	0	0	0	0	0.0042516924000483	0.000596499804998072	0	8.49274377361918e-05	0	0	0	0.000875073847217851	0	0.00954279223546376	0.00881870049977692	0	0.0107996380043256	0.000396528816853279	0	0.000288612746443815	0.00340041028184155	0	0.000233299486168825	0	0	0	0	0.00341115169536138	0	0	0.00137490093053759	0	0.000236813032647272	0	0	0	0
211025-UC-017.02	0.000954332197022988	0.00127992788777204	0	0.616454491486296	0.0404129611945673	0.00397902393870131	0	0.00719207599531738	0	0	0	0	0	0	0	0	0	0	0	0	0	0	0	0	0	0	0	0.00924679732329871	0	0	0	0	0	0	0	0.0765971882085442	0	0.00442060306978195	0	0.00256897806860396	0.038857760595343	0	0	0	0.00575135516174419	0.00148703401372264	0	0.028228985995977	0.0192443292919237	0.00338848076930394	0	0	0
211025-UC-074.01	0	0	0.0168918966216206	0	0	0	0	0.0302025939594811	0	0	0	0	0	0	0	0	0	0	0	0	0	0	0	0	0	0	0	0	0	0	0	0	0	0	0	0	0	0	0	0	0	0	0	0	0.678570164285968	0	0	0	0	0	0	0	0
211025-UC-068.04	0	0	0.0066549999999999	0	0	0	0	0	0	0	0	0	0	0	0	0	0	0	0	0	0	0	0.0648154	0	0	0.0077592	0	0.0036706	0	0	0	0	0	0	0.0190689	0	0.0205454	0	0	0	0	0	0	0	0.0240426999999999	0	0	0	0.0007309999999999	0.407492	0	0	0.3637044
210121-UC-025.02	0.0227659514284314	0.0115123502577418	0.000754778107649798	0.034863870304335	0	0	0.000641632616182107	0	0	0.00275079888653441	0.116611589639211	0.374470978690188	0	0.000584754621820354	0.000237992180344045	0	0.000475984360688191	8.27223782042703e-05	0.00976327561895777	0.00154109857353237	0.0268911831375775	0	0.00583635376850801	0.0100545845596697	0.000554433258099622	0.00177878550524845	0	0.0312313098808779	0.0213429840739582	0	0	0	0.00252949363119078	0.000162087021499781	0	0.00374886015074807	0.00294900699568807	0	0	0.000382883529129878	0.0350942312689777	0.0458809037882781	0	0.00225039463560132	0.000433961799558592	0.000605918526699082	0	0.029051224179273	0.00124571965111293	0	0.0431903406310142	0.0385015182049266	0
210121-UC-026.02	0	0.000164862453407157	0.00318317705122899	0.00209231822520863	0	0	0.000184683111550046	0	0	0.00276962727768517	0.000483851170394279	0.0035504786224394	0.0391686142355892	0.0242455168406945	0.00426350615261094	0	0.00327350557141143	0	0.00469997356213248	0.0217697927595344	0.047503820380241	0.069585375575148	0.00747156225911324	0	0	0	0.0148939858032472	0.125750823563831	0.00839084851308422	0	0.0951285261286348	0	0.00637781292044694	0.000128008417172722	0.0145116122732406	0.00331355981807518	0.0333462959061156	0	0.0029368640807659	0	0	0	0	0.00538554122216856	4.13962703921794e-05	0	0.00445613817393715	0	0	0	0.08195873111863	0	0.0121820655458842
220207-LD-258.01	0	0	0	0	0	0.8107521	0	0	0	0	0	0	0	0	0	0	0	0	0	0	0	0	0	0	0	0	0	0	0	0	0	0	0	0	0	0	0	0	0	0	0	0	0	0	0	0	0	0	0.0021631	0	0	0	0
220207-LD-218.08	8.00901254181308e-06	0.034277272214423	0.00914679288603459	0.032454120621936	0	0	0.00169771043355078	0.00101924695860242	0	0.0121873143848773	0.0535597708100928	0.0800155414888377	0	0.0221195911759504	0	0	0.0166774671537882	0.0142125934313883	0.0134383221439086	0.00508231913372119	0	0.0155463943575706	0.00264878067289121	0	0.0147759273510481	0	0.000992216541273799	0.00167328294529825	0	0	0.00568309518701397	0	0.00580843623329325	0.00101424132576379	0.00386114494640821	0.000237867672491756	0.00963634377765303	0	0.00135732740052371	0.00294931886852276	0.182693484978647	0	0.00522768271135501	0	0	0	0.00467556140925385	0.156844296887288	0.00128354437248226	0	0	0	0
220207-LD-234.12	0.042339116535432	0.0682697641616292	0.0329589128173964	0	0	0.066756403178028	0.00124298508267068	0.105483804443315	0	0	0	0	0	0	0	0	0	0	0	0	0	0	0	0.0422502313378037	0	0	0	0	0	0	0	0	0	0	0	0.000293099944667859	0	0.00471926103018548	0	0	0	0	0	0	0.137793071036869	0	0.0345039466938176	0	0	2.00092243529744e-05	0	0	0
220207-UC-113.01	0	0.000202351491699405	0	0	0	0	0	0	0	0	0.00813075919113851	0.0464580675180487	0.0148600805473876	0.040052286738214	0.0320269882647227	0.0673166044673606	0.0335073704035487	0.0400438176174852	0.00574982721481362	0.0255655532629557	0.0126657716956945	0.0203529102772276	0.00692985803636371	0.141781550121316	0	0	0	0.00507391072236056	0	0.0286360128186193	0.00363264785547235	5.56542219322997e-05	0.0106276374631556	0.000115038889899818	0	0.00107900630999896	0.00986491248323194	0	0	0	0	0.0102307986632904	0	0.0360247157173271	0.00149137183120035	0	0.0132125340970329	0	0	0	0.0099333712091233	0.0140073207482872	0.125945100941333
220207-LD-218.06	0.00406838389632536	0.000497533185754113	0.0010870944723591	0.0235106735554746	0	0	0.00514104258815894	0	0	0.132161776178437	0.108687392571228	0.102621557793147	0	0.058929562814392	0	0	0.0287140706956262	0.00734600781497013	0.0180010173215332	0.0056032883104061	0	0.015726980894846	0.00433644832080788	0	0.0591788807738864	0	0	0.00164888693114745	0	0	0.0138529358868892	0.000258139825371066	0.0079768714736346	0.000984941275445224	0.0107268876637634	0.000607505763786023	0.00622893904832511	0	0.00104238365212005	0	0	0	0.0244094011416698	0	0	0	0.00707563767554254	0.000383550668687311	0	0.000619936574794188	0	0	0
220207-LD-258.04	0.566361267807152	0.0701766357365693	0	0	0	0.261186162900292	0.00316801706524937	0	0	0	0	0	0	0	0	0	0	0	0	0	0	0	0	0	0	0	0	0	0	0	0	0	0	0	0	0	0	0	0	0	0	0	0	0	0	0	0	0	0	0	0	0	0
230110-LD-322.05	0	0.0312288302180892	0.0258766239844573	2.96998100367783e-05	0.0607396939925723	0	0.000304856415863791	0	0	0	0.00644243194525438	0.0855701219448779	0.000494264932012745	0	0	0	0	0	0.00396891157938957	0	0	0	0	0	0	0.0344553621100225	0.000499811978245295	0.0164972621859939	0	0.227635638570185	0.000711639806250923	0.0138681933986915	0.0112566902577921	0.00611284494827035	0.00247282698508562	0.016436360240899	0.0113754894979392	0	0.00159697149765846	0.000773581822514285	0	0	0	0	0	0	0.00201219102085759	0.000965879425242808	0.000354664268493565	0	0	0.0143275581648245	0.0519078718826469
230110-LD-440.03	0	0	0	0	0	0	0	0	0	0	0	0	0	0	0	0	0	0	0	0	0	0	0	0	0	0	0	0	0	0	0	0.00975810097581	0	0	0	0	0	0	0	0	0.000186200018619902	0	0	0	0	0	0	0	0	0.92065149206515	0	0	0
230110-UC-166.05	0.8724869	0	0	0	0	0	0	0.0247081	0	0	0	0	0	0	0	0	0	0	0	0	0	0	0	0	0	0	0	0	0	0	0	0	0	0	0	0	0	0	0	0	0	0	0	0	0	0	0	0	0	0.0909089	0	0	0
230110-LD-389.02	0.00669593161936681	0.000176479842200339	0.000140936616538253	0	0	0.00293102831909072	0	0.226046879351149	0	0.0314533851625682	0	0	0	0	0	0	0	0	0.00826735428900108	0	0.0112187813289067	0.00753629710262961	0.000234585289369661	0.0275509450325562	0.00429619725604229	0.000534899790253659	0.013460889213208	0	0.0217612111318087	0.0164282849487009	0.000709937298659118	0	0.0161989538752985	0.00248998324935336	0.012259631209672	0.000485551369696734	0.00212393953695513	0	0.000741256546778855	0	0	0.00316757106146806	0.00733334013290698	0.0339357446475766	0.0460584571705678	0	0.000900325359596897	0	0.000742801904416234	0.00387400554948222	0	0	0
230110-UC-166.01	0.828565082856508	0	0	0	0	0	0	0.00224080022408002	0	4.54000045400003e-05	0	0	0	0	0	0	0	0	0	0	0	0	0	0	6.49000064900003e-05	0	0	0	0	0	0	0	0	0	0	0	0	0	0	0	0	0	0	0	0	0	0	0	0	0.164817116481712	0	8.53000085299998e-05	0
230110-LD-415.02	0.96152892274138	0.00913108472090112	0.00210897491328692	0	0	0	0.000106889958589049	0	0.0045483278727376	0	0	0	0	0	0	0	0	0	0	0	0	0	0	0.000233496510663274	0	0	0	0	0	0	0	0	0	0	0	0	0	0	0	0	0	7.8365952785864e-05	0	0	0	8.57721858716296e-05	0	0	0	0	0	0	0
230110-UC-162.01	5.4000848158002e-05	0.0240486458023476	0	0	0	0	0.00455950991128123	0	0.352056921030196	6.82478804379853e-05	0.0492618715981623	0	5.41157435796152e-05	0.0024379659512014	0	0	0	0.00326222570585131	0.000428215236350685	0.0479435615305773	0.000496692907631897	5.03241946663934e-05	0.000932031660122688	0.000128223290519738	0.000367320662895916	6.42265406815384e-05	0.00119801456115637	0.126099793337606	0.00189876173757266	0.000138908564729726	3.55026852783456e-05	0.000188658282288056	0.0699680946903727	0.0114808101092346	0.00672689714458455	0.00183269687014532	0.0362035473501843	0	0.000658695452105905	0.000197620125173852	0	0	0	0	0.00118307815634659	0	0.00194184752067745	0	0.000214969333837381	0	0	0	0.000300106841252444
230110-LD-438.01	0.019671846552741	0.000262609358755958	0	0.00053875011576853	0	0.09944675625321	0.00288880317889621	0.736982293714335	0.017304453253329	0	0	0	0	0	0	0	0	0	0	0	0	0	0	0	0	0	0	0	0	0	0	0	0	0	0	0	0	0	0	0	0	0	0	0	0	0.00183786458097359	0	0	0	0	0	0	0
230110-UC-173.01	0.0002175999999999	0	8.11999999999998e-05	0	0	0	0	0.3042026	0	0.1165842	0	0	0	0	0	0	0	0	0	0	0	0	0.1021071	0	0	0.0587166	0	0	0	0.0103292	0	0	0	0	0	0	0.1344105	0	0	0	0.0084966	0	0	0	0	0.0022987	0	0	0	0	0	0	0
230110-UC-172.01	0	0.00123992877966374	0.000471287419046018	0	0	0	0.00174164451491932	0.0326245778447715	0.45950583611088	0	0	0	0	0	0	0	0	0	0	0	3.21355154687269e-06	0	0	0	0	0	0	0	0.000156459790938287	0	0	0	0	0	0	0.00664512248150442	0	0	0	0	0	0	0	0	0.00271745952682452	0	0	0	0	0	0	0	0
230110-LD-440.01	0	0	0	0	0	0	0	0	0	0	0	0	0	0	0	0	0	0	0	0	0	0	0	0	0	0	0	0	0	0	0	0.0140213	0	0	0	0	0	0	0	0	0	0	0	0	0	0	0	0	0.0002275999999999	0.9847855	0	0	0
230110-LD-386.07	0.00062324273712903	0.0251563713960317	0	0	0	0	0.000198962233660524	0.00156523847613316	0	0	0	0.193926680401435	0	0	0	0	0	0	0	0	0	0	0.0342512710069236	0	0	0.0021457947704042	0	0	0	0	0.0412000657763977	0	0	0	0	0.00690807210970148	0.0171238784343853	0	0	4.08260167771149e-05	0.000279994125187761	0	0.0223423735915411	0	0.0576480927583639	0	0	2.28418979942838e-05	0.00485157779118434	0	0.0962920364564961	0.00587305506664822	0
210417-UC-050.02	0.9664521	0	0.0275721999999999	0	0	0	0	0	0.0011117	0	0	0	0	0	0	0	0	0	0	0	0	0	0	0	0	0	0	0	0	0	0	0.0024368	0	0	0	0	0	0	0	0	0	0	0	0	0	0	0	0	0	0	0	0	0
210417-UC-049.08	0	7.60026991987618e-05	0	0	0	0	5.45454727758921e-05	0.000931985605610063	0.0557910948499649	0	0	0	0	0	0	0	0	0	0	0	0	0	0	0	0	0	0	0	0	0	0	0	0	0	0	0	0	0	0	0	0	0	0	0	0	0.00373105071224947	0	0	0	0.933470565999521	0	0	0
210417-UC-050.01	0.905594309440569	0	0.0540572945942705	0	0	0	0	0	0	0	0	0	0	0	0	0	0	0	0	0	0	0	0	0	0	0	0	0	0	0	0	0.0337691966230803	0	0	0	0	0	0	0	0	0	0	0	0	0	0	0	0	0	0	0	0	0
210417-UC-052.01	0.318829531882953	0.0229634022963402	0.000226900022689902	0	0	0	0.00132140013213991	0.000695600069559907	0.00337050033705004	0	0	0	0	0	0	0	0	0	0	0	0	0	0	0	0	0	0	0	0	0	0	0	0	0	0	0	0	0	0	0	0	0	0	0	0.089733408973341	0.00241530024152993	0	0	0	0	0	0	0
210307-UC-043.02	0	0.00250229347045216	0.377574844114641	0.000257138932205915	0	0	0.00114330602460539	0.00582217000281902	0	0	0	0	0	0	0	0	0	0	0	0	0	0	0	0	0	0	0	0	0	0	0	0	0	0.169192196816105	0.0842071655366681	0.0433008859214184	0	0.00124116622332711	0	0	0.00543451668424251	0	0.0198682818103482	0	0.0149778309798774	0.00533706594241932	0	0.0122843211378643	0.00270169897998135	0	0	0	0
220826-LD-335.02	0.124970075462922	0	0.00235790327307826	0	0.129656433259618	0	0.00394913740205537	0	0	0.000156258670603217	0	0	0	0	0	0	0	0	0	0	0	0	0	0	0	0	0	0	0	0	0	5.27873842358641e-05	0	0	9.74613374980937e-05	0.00892317141796531	0.0693894673242086	0	0	0.00728055222615519	0	0	0	0	0.0068785868126096	0	0	0	0.115279333408525	0.0290147309856736	0	0	0
220826-LD-362.05	0.000996009423058276	0.00937820321044452	0	0.000271889728637397	0	0.0277520635418864	0.00147776818687857	0.002278928413202	7.20339190865971e-05	0.0206760848206038	0.00266147450264922	0.0557535381426244	0	0	0.00214017371516011	0	0	0	0.000289361785607338	0.000174516218155797	0.0506448517306943	0	0.00266249626036666	0.00509560791314561	0	0.00014396566240134	0	0	0.000189025177744871	0	0.00400294021000801	0	0.000713697765701864	0	0	0.03367938223711	0.00137528588780927	0.000475934744830316	0	0	0.00012475661731158	0	0.00049555249300699	0.00143986097555782	0.276998721576745	0.0675706770248379	0	0.0071860220274616	0.00020670158625832	0	0.011745002787355	0	9.60452254487867e-06
220826-LD-333.06	0.9973423	0	0.0024446	0	0	0	2.43999999999992e-05	0	0.0001886999999999	0	0	0	0	0	0	0	0	0	0	0	0	0	0	0	0	0	0	0	0	0	0	0	0	0	0	0	0	0	0	0	0	0	0	0	0	0	0	0	0	0	0	0	0
210430-UC-042.04	0.00130762248423502	0	0.0241669782907235	0	0	0.000388331516857931	0	0	0.0050162151047643	0	0.00725178478017456	0	0	0	0	0	0	0	0	0	0	0	0.0661806929453643	0	0	0.011470428741433	0	0.0817363266288885	0	0	0.157909098463614	0.0151506555824387	0	0.0453739275604579	0	0.00133731999049667	0.0708792912230686	0	0	0.00167184974713173	0	0	0.0110851601960728	0	0.0177648351695182	1.46489941201592e-05	0	0.000435208298042443	0.000135969299969717	0	0	0	0
210430-UC-041.08	0.00234037692777281	0	0.000625091037504934	0	0	0	0	0.11972217940272	0	0	0	0	0	0	0	0	0	0	0	0	0	0	0.00777357483355867	0	0	0	0	0	0	0	0	0	0	0	0	0	0.444424073858381	0	0	0	0	0	0	0	0	0	0	0.000234541798452713	0	0	0	0	0
230526-UC-178.01	0.9501378	0	0	0	0	0	0	0	0	0	0	0	0	0	0	0	0	0	0	0	0	0	0	0	0	0	0	0	0	0	0	0.0489104	0	0	0	0	0	0	0	0	0	0	0	0	0	0	0	0	0	0	0	0	0
210828-UC-062.03	0	0.000449771569710689	0	0.143853408912046	0	0.00012906401454959	0	0.0278779272699746	0	0.0186874480089298	0	0	0	0	0	0	0	0	0	0	0.011221259977179	0	0.0137497732117976	0.0116039462949516	0	0.000848678500638613	0.0330277716922665	0	0	0.00844262889279698	0.0134126447889979	0	0.0120182728211011	0.0014749743974642	0	0.00860413413365697	0.00222913278193919	0	0.0107493602870527	0	0	0	0	0	0.00356082509653268	0	0.00346550396243537	0.0537984670919805	0.0256443888894006	8.07025568091922e-05	0	0	0.00355641949789784
210828-UC-069.01	0	0.0107641073422263	0	0.0223050300431353	0	0	0	0	0	0.042845272153707	0.00343674151913227	0.233751972583705	0.00129500405068745	0.000146383628698044	0.00198307725746754	0.00483498578079477	0.000882978565437992	0.00353951405078218	0.00238586607604994	0.0397661883983027	0.00616787185680039	0	0.00044452919833088	0.00323599016891283	0.00832457506364235	0	0.000488257215210363	0.00502030371329193	0.00263198232078607	0.0412100313941443	0.0101245558654062	0	0	0.000576531687787928	0.00306446877650052	0	0.0021220949367983	0	0.000515733375549075	0	0	0.0682691386948642	0.00648238620280511	0.0160058572158654	0.00489169189894051	0	0.00578940236311342	6.72289029564237e-05	0.00132271405068862	0.00161396135027897	0.0288950994105021	0.0131437766672213	0
210828-LD-032.03	0	0	0	0	0	0	0	0.0258372	0.972774	0	0	0	0	0	0	0	0	0	0	0	0	0	0	0	0	0	0	0	0	0	0	0.0011135999999999	0	0	0	0	0	0	0	0	0	0	0	0	0	0	0	0	0	0	0	0	0
210828-LD-063.02	0.000941353854913965	0.00785755365441872	0.00511242175933935	0.128817622544315	0.384633283651326	0	0	0.000147155315683066	0	0	0	0.0112260198608656	0	0	0	0	0	0	0	0	0	0	0.0127425899395582	0	0	0	0	0.0276324870518829	0	0	0.004881635006599	0	0.00655516408618002	0.00642521523840804	0.0144503318797536	0.00703294368353066	0.00386555306139569	0.0193616780547809	0	0	0	0	0	0	0.000661048488126589	0.00517084372015442	0.00011034147736124	0.00177726807506932	0	0.000104139145904846	0	0	0.080259969722619
210828-UC-070.01	0	0.000998378764797396	0.0842995497987291	0.0135650791894675	0	0	0	0	0	0.0923294511629497	0.0224297464745583	0.0331297924308317	0.00162963924325327	0.0036574598095367	0.000189782388534656	0	0.000662323515144193	0.0146814336655236	0.00922487085436114	0.0116462983923815	0.0237334365931084	0.000890828319276856	0	0.0327518233577018	0.00825085316970627	0.00113752414831952	0	0.000405947082202054	0.0254561585661644	0.0168094644392059	0.000420733938707845	0.00130645600537849	0	0	0	0.00333140430457087	0	0	0.00152953541611694	0	0	0	0.00583463826455489	0.0129774346186907	0.00639590053019928	0.000292971243287301	0.00380383905091777	0	3.82968945473715e-06	0	0.0212597763461359	0.0137125222334749	0.047611763103921
230629-UC-058.02	0	0.204551108947289	0	0	0	0	0.0638084618732967	0	0	0	0	0	0.0153689923855931	0	0	0	0	0	0	0	0	0	0	0	0	0	0	0	0	0	0	0	0	0	0	0	0	0	0	0	0	0	0	0	0	0	0	0.322586381537281	0.00533235411221286	0	0	0	0
210510-UC-045.02	0	0	0	0	0	0	0	0	0.0783674999999999	0	0	0	0	0	0	0	0	0	0	0	0	0	0	0	0	0	0	0	0	0	0	0	0	0	0	0	0	0	0	0	0	0	0	0	0	0	0	0	0	0.9208464	0	0	0
210811-LD-102.03	0.9979436	0	0.0013358999999999	0	0	0	0	2.99999999999899e-06	0	0	0	0	0	0	0	0	0	0	0	0	0	0	0	0	0	0	0	0	0	0	0	0	0	0	0	0	0	0	0	0	0	0	0	0	0	0	0	0	0	0	0	0	0
210811-LD-110.02	0	0	0	0	0	0	1	0	0	0	0	0	0	0	0	0	0	0	0	0	0	0	0	0	0	0	0	0	0	0	0	0	0	0	0	0	0	0	0	0	0	0	0	0	0	0	0	0	0	0	0	0	0
210805-LD-024.07	0.119602823920565	0.0131081026216205	0	0	0	0	0	0.0210065042013008	0	0	0	0	0	0	0	0	0	0	0	0	0	0	0	0	0	0	0	0	0	0	0	0	0	0	0	0	0	0	0	0	0.191527438305488	0	0	0	0	0.000615300123059925	0	0	0.0932875186575038	0.024328504865701	0	0	0
210805-UC-066.01	0	0.00840249935199946	0	0.183187882063395	0	0	0.000205755849427128	0.000510278517414698	0	0.0533158327220989	0.00156181925471652	0	0.00135696584322548	0.000127845374278514	0	0.00136949970344877	0.0249612327703291	0	0	0.00576507434835209	0.0298222648484883	0	0.00742235148253008	0.0163134708414783	0	0	0.0062378515559785	0.00227253926482393	0	0.0206680346957306	0.001325581057226	0	0.00259741692181419	0.000249674495649899	0.00430663437275802	0.0150874587698667	0.0100341071404399	0.018573877329606	4.26151247595369e-05	0.0013084347364404	0.0012483724782499	0	0	0.00786775473942859	0.067656072880888	0.00226602165750777	0.00213767492882012	0	0.00799519903018006	0	0	0	0
210805-UC-061.03	0.735296794364441	0	0.00975819970601291	0.000691563762178774	0	0	0	0.0749618114790185	0	0.00015401420010915	0.000448441346292029	0	0	0	0	0	0	0	0	0	0	0	5.87054126390444e-05	0	0	0.000106109783321922	0.00801983942919538	0.00707695249502005	0	0	0.000364033563894491	0	0.0175377169775052	0	0.0400948967494804	0	0.0269050806484358	0	0.000505046565293221	0	0	0	0.00955728118132493	0	0	0.0431855817106337	0.000622457390571311	0	0	0	0	0	0
220401-UC-125.02	0.0131306	0	0.8721899	0	0	0	0	0	0	0	0	0	0	0	0	0	0	0	0	0	0	0	0	0	0	0	0	0	0	0	0	0.1046928	0	9.90999999999996e-05	0	0	0	0	6.77999999999994e-05	0	0	0	0	0	0	0	0	0	0	0	0	0	0
220401-UC-124.01	0	0.000881954814998983	0	0.00231766194834768	0	0	2.25549821700106e-05	0	0	0.0242014958684226	0.0643078849687112	0.0644327625529209	0	0.0235281471324203	0.00447193780634197	0.010975364348231	0.0171448671297004	0.0137285024889149	0.0136444439212178	0.0578024779893635	0.00171505883934693	0.0145849316655557	0.000235231960387622	0.00659595698093758	0.0151528771190268	0.000185060878097254	0.00320621822154287	0.00185027870806373	0.00623287678015202	0.0057692343661792	0.000168997329820075	0	0.000816930451767388	0.000203324912439911	0.000127958264700981	0.000237762519362794	0.00114249236513844	0	0.00149512025711361	0	0	0.0047844068276242	0	0.000151283416993871	0.000372872363776328	0	0	0	0	0.129976000398729	0	0.00438380833942413	0.00289429932177721
220401-LD-279.05	0	0	0.000162495581008332	0.00962642631671843	0	0	0	0	0	0.0619137423296601	0.105497460627739	0	0.0574284462987635	0	0	0	0	0	0	0	0.0121235288271863	0	0.00499002507029883	0	0	0	0	0.00564429184373548	0	0.0382863623572038	0	0	0.00474048201727762	0.00117017718079248	0	0	0.00188453074463407	0.00128000538377632	0	0	0	0	0	0.00816229410738765	0	0	0.00544428120576101	0	0	0	0	0	0
220401-UC-121.02	0.99336219933622	0	0.00092530009252991	0	0.000279300027929903	0.00288270028826993	0	0	0.00229770022976992	0	0	0	0	0	0	0	0	0	0	0	0	0	0	0	0	0	0	0	0	0	0	0	0	0	0	0	0	0	0	0	0.000106000010599901	0	0	0	0	0	0	0	0	0	0	0	0
EP-SM-80S-S89-Index-A12	0	0	0	0	0	0	0	0.431589943158994	0.0131882013188201	0	0	0	0	0	0	0	0	0	0	0	0	0	0	0	0	0	0	0	0	0	0	0	0	0	0	0	0.0811661081166107	0	0	0	0	0	0.0514572051457205	0	0	0	0.0262737026273703	0	0	0	0	0	0
EP-SM-80S-S92-Index-D12	0.1014389	0	0	0	0	0	0.0014632999999999	0.882349	0	0	0	0	0	0	0	0	0	0	0	0	0	0	0	0	0	0	0	0	0	0	0	0	0	0	0	0	0	0	0	0	0.0018341	0	0	0	0	0	0	0.0041256	0	0	0	0	0
EP-SM-80S-S76-Index-D10	0.621022337897767	0	0.00162949983704992	0	0	0	0	0.144434685556531	0	0	0	0	0	0	0	0	0	0	0	0	0	0	0	0	0	0	0	0	0	0	0	0.000380699961929904	0	0	0	0	0	0	0	0	0.00877649912234999	0	0	0	0	0.211297278870272	0	0	0	0	0	0	0
EP-SM-80S-S67-Index-C9	0.00292439593452752	0	0.533006511436267	0	0	0	0	0	0	0	0	0	0	0	0	0	0	0	0	0	0	0	0	0	0	0	0	0	0	0	0	0.342152924245925	0	0	0	0	0	0	0	0	0	0	0	0	9.4106305122443e-05	0.00216174483690397	0	0	0.000413927733158022	0	0	0	0
EP-SM-80S-S57-Index-A8	0.4040313	0	0	0	0	0	0	0.0057108	0	0	0	0	0	0	0	0	0	0	0	0	0	0	0	0	0	0	0	0	0	0	0	0	0	0	0	0	0	0	0	0	0	0	0	0	0	0	0	0	0	0.590196	0	0	0
EP-SM-80S-S43-Index-C6	0.957024924319689	0.00135612959273995	0.000115719591326712	0	0	0.00099696878681561	7.38124964556496e-05	0.00442254873750117	0.0153684018704366	0	0	0	0	0	0	0	0	0	0	0	0	0	0.000104517694845638	0	0	0	0.00288028763269612	0.00334086560854743	0	0	3.83064852879591e-05	0.000111118812414842	0	0	0.00257513597051971	0.00473940238082298	0	0	0	0	1.72029124530779e-05	0	0	0	9.08153750429944e-05	0	0	0	0	0.000158526838593674	0	0	0
EP-SM-80S-S29-Index-E4	0	0.00572500577563172	0.0109121749500974	0.412637917398894	0.00457517631465389	0	5.39873861018869e-06	2.79104599847527e-05	0	0.00478745879132635	0.00631550554399527	0.000338898176530096	0.000629920746517104	0	0.000438622046329634	0.00645149263917636	0.00408002030740624	0	0	0.00273206732573372	0	0	0.000218903571194186	0	0.00243646092107769	0.000119689016357873	0.0320442639522761	0.00749497713583271	0	0	0	0.000764074307830681	0.000931740793724491	0.000127023151828319	0	0.038371381877433	0.00604434625757406	0.000329526781206748	0	0.00573509021190358	0.00220706546164106	0.00250491285213518	0	0	0.00189291999232351	0	0	0	0.00145715010978784	0	0	0	0
EP-SM-80S-S38-Index-F5	0.948004282015605	0.00233648155449041	0	0	0	0.000482482040473771	1.64061900555078e-05	0	0	0	0	0	0	0	0	0	0	0	0	0	0	0	0	0	0	0	0	0	0	0	0	0	0	0	0	0.0187224639856617	0	0	0	0	0	0	0	0	0.0141452369979193	0	0	0	0.00015745940943508	0	0	0	0
EP-SM-80S-S35-Index-C5	0.262130726213073	0	0	0.000254000025399903	0	0	0	0.156783415678342	0	0	0	0	0	0	0	0	0	0	0	0	0	0	0	0	0	0	0	0	0	0	0	0	0	0.00370660037065994	0	0	0.00290460029045993	0	0	0	0	0	0	0	0.00554690055469006	0	0	0	0.0483567048356705	0.0143590014359001	0	0	0
210714-LD-024.02	0	0.222294922229492	0	0	0	0	0	0.183031618303162	0	0	0	0	0	0	0	0	0	0	0	0	0	0	0	0	0	0	0	0	0.00787000078700008	0	0	0	0	0	0	0	0	0	0	0	0	0	0	0	0	0	0	0	0.0108513010851301	0	0	0	0
210520-UC-057.01	0	0.0275128895317451	0.0379275276378724	0.0155435028914581	0	0	0.000235628299874648	0.00103981773122193	0	0.0119902281293462	0.0182651093162653	0.0257380442532517	0.0101784788129007	0.0211099061986971	0.00767258843727456	0.0033374259645926	0.0921451348198766	0.0259415474553407	0.0163360104690651	0.013579491231375	0.0131665111519889	0.00686083235066383	0.000218503764278115	0.0106023442559993	0.00168922260051062	0.00043488355514904	0.00113937898469014	0.000476699281605691	0.00270793334599742	0.00125712676045856	5.6285295294031e-05	0	0.00273156255015401	0	0.000258195517327444	0.0733478374167393	0	0.000381120478276203	0	0.000179608501256531	0	0.00261341652937172	0	0.00323507699602727	0.0119185440268493	0	2.12397340732194e-05	0	0	0	0.0437695164947115	0.00460968603557832	0.00317427825724255
230831-LD-362.04	0	0	0	0	0	0	0.576068821655368	0	0	0	0	0	0	0	0	0	0	0	0	0	0	0	0	0	0	0	0	0	0	0	0	0	0	0	0	0	0	0	0	0	0	0	0	0	0	0	0	0	0	0	0	0	0
230831-LD-248.06	0.99916220008378	0	0	0	0	0	0	0.000449199955079905	0	0	0	0	0	0	0	0	0	0	0	0	0	0	0	0	0	0	0	0	0	0	0	0	0	0	0	0	0	0	0	0	0	0	0	0	0	0	0	0	0	0	0	0	0
230831-LD-248.07	0.943933285192462	0	0.0168779054900894	0	0	0	0	0.00851905419488093	0	0	0	0	0	0	0	0	0	0	0	0	0	0	0	0	0	0	0	0	0	0	0	0	0	0	0	0	0	0	0	0	0	0	0	0	0	0	0	0	0	0	0	0	0
230831-LD-363.04	0	0.0159957800925252	0.00992782302149673	0.00148248784399827	0.148591038523524	0	0.000651284654124405	8.94481356708425e-05	0	0.0273339190908389	0.028938363078672	0.00175349013847083	0.0498091176784786	0.0104288348076942	0.0115349248967897	0	0.0227698151899292	0.0135526703846424	0.0190823030185935	0.0464120308253611	0	0.0152733458356271	0.0011771374654282	0.0040934533676201	0.00127271918754504	0.00194404022405982	0.00332839068492228	0	0	0	0.000499376163145121	0.000606611699509367	0	0.000120627200104578	0.00551102742173163	0.0188870505167291	0.00217047179035811	0	0	0.00123428204581677	0.28006732633389	0	5.06020881795055e-05	0.00787521831734259	0	0	0	0	0	0	0.00309470104132955	0.0651508530029786	0
210125-UC-027.02	0	0.00750325248154523	0.00237633556150697	0	0	0.00200178916544891	0.000653602499060027	0.00165439688210666	0.0125071241971	0	0	0	0	0	0	0	0	0	0	0	0	0	0	0	0	0	0.022763964027514	0	0	0	0.00294426733594708	0	0	0.00863480744427496	0.0412414860333673	0	0.0687623295703679	0	0.00368674694932061	0	0	0	0	0	0	0	0	0	0.00180379460188263	0	0	0	0
210125-UC-021.04	0	0	0	0	0	0.9963671	0.0002519999999999	0	0	0	0	0	0	0	0	0	0	0	0	0	0	0	0	0	0	0	0	0	0	0	0	0	0	0	0	0	0	0	0	0	0	0	0	0	0.0012300999999999	0	0	0	0	0	0	0	0
210125-UC-030.01	0	0.0300925811679642	0.00608276468844382	0	0	0	0.00195114375520473	0	0.000628007259263685	0.0089461970190165	0.219065405431551	0.0165337223775789	0.000117024754738818	0	0	0	0.0124737201555344	0	0.00230649540033489	0.00014257936378675	0.000175043588156547	0	0.00820642947383063	0.0084715174140403	0	0.0130686051318262	0.00120183436028851	0.0237641412680724	0.000619233144569116	0.000824986134156765	0.00125425969558857	0.001898608743471	0.0430337422838518	0.00769950499735189	0.00381180445262193	0	0.0190476159140067	0	0.00204590419390619	0.0010197714803762	0	0.000135121366296257	0.00908658285412961	0	0.0100779481381823	0	0.0118849770595288	0	0	0	0	0.125684367236623	0
210125-UC-031.01	0.980788298078831	0	0.000490300049029905	0	0.0138842013884201	0	0	0.000351000035099904	0.00152400015239992	0	0	0	0	0	0	0	0	0	0	0	0	0	0	0	0	0	0	0	0	0	0	0	0	0	0	0	0	0	0	0	0.00131840013183991	0	0	0	0	0.000616300061629907	0	0	0	0	0	0	0
210125-UC-029.02	0	0.0158530086468614	0.00146051674460476	0	0	0	0	0	0	0.000295141570974971	0.0200783074607476	0.00533926835543878	0.0851671964792435	0.0311153272470333	0.0718721266591375	0	0.000695942739279861	0.000400394263565358	0.00623622203598045	0.0206672342535666	0.000327693950126637	0.00242298208818888	0	4.5708965725464e-05	0	0	0	0.0471353024719601	0	0	0.00987571366004986	0	0.0364958286160643	0.00650355844976351	0	0.0281176600319042	0.000493982353626399	0	0	0.00196182338354028	0	0	0	0	0	0	0.00227554693761446	0.00489953996706502	0	0	0.00338422671755496	0.000132650945043039	0
201209-UC-015.01	0	0.0643030954345117	0.184712212508724	0	0	0.100901352306715	0.0165017055988548	0.0454866160095088	0.00017848760892262	0	0	0	0	0	0	0	0	0	0	0	0	0	0	0	0	0	0	0	0	0	0	0	0	0	0	0.00330819295562833	0	0	0	0	0	0	0	0	0	0	0	0.148400203621579	0	0	0	0	0
201209-UC-012.04	0.741117571285731	0.00379546657885535	0.00129494861942533	0	0	0	0.00145849368389752	0.0706651800146731	0	0	0	0	0	0	0	0	0	0	0	0	0	0	0	0	0	0	0	0	0	0	0	4.1336665622407e-05	0	0	0	0	0	0	0	0	0.0108697414606756	0	0	0	0.0349043601674686	0.005525501119493	0	0	0	0	0	0	0
211004-UC-077-02	0.880653843714343	0	0.0535770202492627	0.0115528423059385	0	0	0.000138359190061409	0	0.000300428523322178	0.0166661297703157	0	0	0.00281930609914912	0	0	0.000381363147154253	0.000421780437671137	0.000412276371831771	0	0	0	0	0.000290624329087884	0.000343146798200171	0	0	0	0	0	0.00370198370863046	0	0.00151914989232384	0.000676089230973012	0	0	0	0	0	0	0	0	0.00318256149980963	0	0	0	0.000468300338884876	0	0	0	0	0	0	6.8629359640054e-05
211004-LD-117-09	0.390208639020864	0.000248900024889903	0.000351200035119904	0	0	0	0	0.0801599080159909	0	0	0	0	0	0	0	0	0	0	0	0	0	0	0.0478599047859905	0	0	0	0	0	0	0	0	0	0	0	0	0	0	0	0	0	0.000477300047729905	0	0	0	0	0	0.0617343061734306	0.0502377050237704	0.00316920031691993	0.0335539033553904	0	0	0
211004-LD-102-12	0.9895584979117	0	0.00121300024259995	0	0	0	0	0.00516310103262021	0.000188200037639908	0	0	0	0	0	0	0	0	0	0	0	0	0	0	0	0	0	0	0	0	0	0	4.87000097400016e-05	0	0	0	0	0	0	0	0	0.000466800093359919	0	0	0	0	5.68000113600013e-05	0	0	0	0	0	0	0
211004-LD-117-05	0.8859156	0	0.0022188999999999	0	0	0	0	0.008116	0	0	0	0	0	0	0	0	0	0	0	0	0	0	0	0	0	0	0	0	0	0	0	0	0	0	0	0	0	0	0	0	0	0	0	0	0	0	0	0	0	0.0004800999999999	0	0	0
211203-LD-136.16	0	0.000674959589458007	0.0083185993333035	0	0.188411863202588	0	0.000626440929181264	0.0227396456677238	0	0	0	0	0	0	0	0	0	0	0	0	0	0	0	0	0	0	0	0.00784191600089396	0	0	0	0	0.00454054629410462	0	0	0.000634243930215462	6.05232772524306e-05	0.0306503881392784	0	0.00551912265457286	0.0253975679046162	0	0	0	0.00733632154926786	0	0	0.0103111656743183	0.00688314725843561	0	0	0	0
211203-LD-202.05	0.136781827356366	0.00504020100804021	0.00821840164368034	0	0	0.00345510069102014	7.40000147999963e-06	0.165520233104047	0	0	0	0	0	0	0	0	0	0	0	0	0	0	0	0	0	0	0	0	0	0	0	0	0	0	0	0	0.000574400114879923	0	0	0	0.226401045280209	0	0	0	0	0.0693566138713228	0	0.049801909960382	0.000840000168000034	0	0	0	0
211203-LD-194.08	0.0318683031868303	0.0410313041031305	0.000230400023039903	0.000152100015209902	0	0	0.00228230022822993	0.0405118040511804	0.000172300017229902	0	0	0.0979860097986012	0	0	0	0	0	0	0	0	0	0	0.0350870035087004	0	0	0	0	0	0	0	0	0.000217700021769903	0	0	0.242741524274153	0	0	0	0	0	0.00185380018537992	0	0	0	0	0.00119200011919991	0	0	0.125874312587431	0	0	0	0
211203-LD-202.04	0.00583170058316997	0	0.539158853915886	0.000689500068949908	0	0	0	0.0209034020903401	0	0	0	0	0	0	2.55000025499992e-05	0	0	0	0	0	0	0	0	0	0	0	0	0	0	0	0	0.00256760025675993	0	6.73000067300006e-05	0	0	0	0	0	0	0.411479041147905	0	0	0	0	0.0142538014253801	0	3.40000033999996e-05	0	0	0	0	0
211106-UC-037.05	0	0	0	0	0	0	0	0.295112670488733	0	0	0	0	0	0	0	0	0	0	0	0	0	0	0	0	0	0	0	0	0	0	0	0.140871185912881	0	0	0	0	0	0	0	0	0	0	0	0	0	0	0	0	0	0	0	0	0
211106-UC-007.01	0	0	0.000523930178513212	0	0	0	0	0.0550094487130628	0	0	0	0	0	0	0	0	0	0	0	0	0	0	0	0	0	0	0	0	0	0	0	0	0	0	0	0	0	0	0	0	0	0	0	0	0	0.000600068326976785	0	0	0	0	0	0	0
211106-UC-081.02	0	0.00641172389609258	0.001033608391955	0.000140359387534831	0	0.00264134021567631	0.00106479936696288	0	0	0.0286912744062109	0.00882762784837321	0.0439608860518038	0	0.00236853556859335	0.00811361056601271	0.00359441071693962	0.000321802410061351	0.012038901663352	0.00150903799235334	0.00640881429021511	0.00638588659589958	0.0472918028604689	0.00598494290596778	0.00547680933550532	0.0731520307477847	0.00432798055079764	0.01544605014601	0.00998437076106805	0.0738434694885352	0.0338053140808984	0.0253076355390437	6.1916413075117e-05	0	0.0417911347567673	0	0.0289205513493649	0.00214344845790309	0.000442027324923375	0.0348230942168793	0.000256161701462918	0	0.00728227797466766	0	0.00674016020755507	0.0343606996508127	0	0.00312619693911781	0	0	0.00117920507006961	0.0049008237559777	0.004074379302507	0.0100334849082818
211106-UC-084.02	0.00290791050563685	0.00035795711632139	0	0.0189030936830853	0.00630619221904297	0	0	0	0	0	0	0	0	0	0	0.00259605567769891	0	0	0.0426326001182252	0	0.302354752371784	0	0.00106982728857988	0.0113960466190038	0	0	0	0.00107514233937096	0	0	0.111958656299699	0	0	0	0.0232705633537879	0.000140848845963705	0.289225537016556	0.000233284511895662	0.000709443736027658	0	0	0	0.00642300779186448	0.00872384706149332	0	3.82452567793465e-05	0.000932675869253335	0.000485287246142661	0	0	0	0	0
211106-UC-085.04	0	0.0135365211015137	0.00806121551651688	0	0	0	0	0	0	0	0	0	0	0	0	0	0	0	0	0	0	0	0	0	0	0	0	0	0	0	0	0	0	0	0	0	0	0	0	0	0	0	0	0	0	0	0	0	0.360909319920898	0	0	0	0
211106-UC-085.01	0.00235220953723862	3.00141576781768e-05	0.000565266636272231	0.57865615210695	0.0506433884863491	0	0	0.00811682870810163	0	0.0104079094108691	0	0.0122022558040627	0.00794344692391403	0	0	0	0	0	0	0.0252584143940697	0	0	0.00458356206622665	0.0617213139437873	0	0.00252939311473213	0	0	0	0	0	0.000298140632936457	0	0.00447851251435293	0.00826529874141625	0	0.00197233034822516	0	0	0	0	0	0	0.066840028441416	0.0114555035610298	0	0	0	0	0.00027152807979514	0.0201122869657617	0	0.0134562473118569
211106-LD-171.01	0	0.00652487957864903	0.0966474035841635	0	0	0	0.00750505162129417	0	0	0.00223616435808032	0	0	0	0	0	0	0	0	0	0	0.000488635914739634	0.000516037928787666	0	0	0	0	0	0	0	0	0	0	0	0	0	0.00538319566488137	0	0	0.000376727689485077	0	0.00796478541172777	0	0	0	0.00106967862137867	0	0	0	0	0	0	0	4.1303035773129e-05
221007-UC-160.01	0	0	0	0.0294922710325584	0.00434050903317402	0	0.00194669791366386	0	0	0.056259873244064	0.00158943230383291	0	0	0	0.0046914003203147	0.0950178799751467	0	0	6.54632822318386e-05	0.00673867088086961	0.0470127546149845	0.00267762024881502	0.001798166077008	0.135539449317205	0	0.000690551624779344	0.00571624975729506	0.000271364023100041	0.00601108747665145	0	0	0	0.00235172035380922	0	0.00168433888611029	0	0.0101619857047214	0	7.46706372288977e-05	0	0	0.0133133294271214	0.00887953268727376	0.0647737424043118	0.000870449176260348	0	0	0	0	0	0	0.0242474176151676	0
221007-UC-154.05	1	0	0	0	0	0	0	0	0	0	0	0	0	0	0	0	0	0	0	0	0	0	0	0	0	0	0	0	0	0	0	0	0	0	0	0	0	0	0	0	0	0	0	0	0	0	0	0	0	0	0	0	0
221007-UC-102.05	0.775404244919151	0.000622199875559925	0.0139467972106405	0	0	0	0	0	0	0	0	0	0	0	0	0	0	0	0	0	0	0	0	0	0	0	0	0	0	0	0	0.000109999977999904	0	0	0	0	0	0	0	0	0	0	0	0	0.142803571439286	0	0	0	0.0562350887529822	0	0	0	0
221007-LD-403.04	0.0451493090298618	0	0.000598400119679924	0	0	0	0	0	0.927988385597677	0	0	0	0	0	0	0	0	0	0	0	0	0	0	0	0	0	0	0	0	0	0	0.00193790038757998	0	0	0	0	0	0	0	0	0.0026057005211401	0	0	0	0	0	0	0	0	0	0	0	0
221007-LD-404.06	0.319944575341763	0.0420791693143815	0	0.00816004322881842	0	0	0.000480085411129007	0	0	0	0	0	0	0	0	0	0	0	0	0	0	0	0	0	0	0	0	0	0	0	0	0	0	0.210157665442555	0	0.0327977528259482	0	0	0	0	0.0289749809188439	0	0	0	0.00560233813972177	0	0	0.101610062171614	0.00620790385009171	0	0	0	0
221007-UC-159.01	0	0.0454703063808262	0.000276300375440828	0.00592167050286352	0.00286063488280991	0	0.00125871360497258	0.00155117878347108	0	0.00603396771085936	0.163959918567933	0.0144096908315486	0.0129484354558149	0.00154443452789078	0.0262887870970188	0.00243189292091881	0.00916576448866828	0.017043804368201	0.00620739142578161	0.000384529619753414	0.00252299389709092	0.00238553954526366	0.00034856025665843	0.0026725450882925	0	0.00388051619889894	0.0016495592736029	0.0041164580925339	0	0.00085148902993294	0.000303277397762066	0	0.00375323175628019	0	0	0.0517709398162976	1.4023769540008e-05	0.00658978001201757	0	0.00154893069827765	0.0404112582821871	0.000893667390228845	0	0.000208536664610099	0.00065868896167679	2.93321591905519e-05	0	0.0153853598055001	0.00285817269426472	0	0.0105093700726122	0.0420368379803934	0
221005-HT-099.02	0	0.000518649431898208	0.00139831954678456	0.00366530944059229	0	0	0	0	0	0.0114624845134165	0.00985309394932867	0.0177667005272729	0	0.00578411378242897	0.00311386824789369	0.0367092347305842	0.00437780383823411	0.00425722147731657	0.0156297361913221	0.0233129702725048	0	0.0256451286023333	0.000886830341137049	0.00401283984223834	0.000170185087697622	0.00128894449652029	0.000281843108650519	0	0.00271206540669515	0.00114989082730396	0.000379803305471649	0	0	0	0.00671691485152339	0.278119064600496	0.00125469993619087	0.0269918737658339	0.000823944875804737	0.00723203605599383	0.097841586116716	0.000859123378688596	0	0.0044563587842019	0.00451478207955179	0	0.000162713547262112	0.0375627544539462	0.000862236520536726	0	0.006233340151114	0.0413948245262033	0
210828-UC-072.01	0	0	0	0	0	0	0	0	0	0	0	0	0	0	0	0	0	0	0	0	0	0	0	0	0	0	0	0	0	0	0	0	0	0	0	0	0	0	0	0	0	0	0	0	0	0	0	0	0	0	0	0	0
210828-LD-060.05	0.9729044	0	0.0269066	0	0	0	0	0	0.0001036	0	0	0	0	0	0	0	0	0	0	0	0	0	0	0	0	0	0	0	0	0	0	0	0	0	0	0	0	0	0	0	0	0	0	0	0	0	0	0	0	0	0	0	0
EP-SM-24S-UC4-1	0.000235063859727112	0.0812121605658112	0.0545728357811412	0.0192789744508761	0.265934654382971	0	0.00167364186541799	0.00172074007629473	0	0.0131907030054106	0.00410010751421508	0.00540176963250465	0.0188677995940157	0	0	0	0.0068412020275086	0.0039316860208986	0	0	0.00626299405996503	0	0.000482943559148681	0	0.00154334749519209	0	0	0.00102217001428849	0	0.00573017552467239	0.00158905732343528	0	0.00233280322036421	0.00472103494740649	0.00505488757144433	0.0569949226847093	0.00104534532440244	0.0562118748793846	0.00724426018589593	0.0052286489979669	0.000596363740443686	0	0.0158193385253861	0	0	0.00222525696559568	0.00224875267170199	0.0188397115453522	0.00538425465158904	0	0	0	0
EP-SM-24S-UC2-1	0.000488439705571441	0	0.000397949385331398	0.000691366849006297	0	0.122314829761706	0.519875210728038	0	0.00010713221821512	0	0.00058194636981959	0.000349687881203375	0.000165170837403562	0	0.00055251101277599	0	3.57800806466374e-05	0.00029393752298652	2.1634467367734e-05	0.00491133612806267	0	0	0	0	0	9.26745693492853e-05	1.39375895542129e-05	0	0	0	8.84100829931452e-05	8.60178101592126e-05	0	0	0	1.86181233597327e-05	0	0.000122213938255127	0	5.67904768403027e-05	0.0120041130450846	5.38781446946453e-05	0	0	0.00363802290923678	0	0	0.0161246469837393	9.2570557486931e-06	0	0	0	0
EP-SM-24S-UC1-1	0.926058207394179	0	0	0	0	0	0	0	0	0	0	0	0	0	0	0	0	0	0	0	0	0	0	0	0	0	0	0	0	0	0	0	0	0	0	0	0	0	0	0	0	0	0	0	0	0.0720898927910107	0	0	0	0	0	0	0
220610-LD-318.06	0	0	0	0	0	0	0	0	0	0	0	0	0	0	0	0	0	0	0	0	0	0	0	0	0	0	0	0	0	0	0	0.0954664	0	0	0	0	0	0	0	0	0	0	0	0	0	0	0	0	0	0	0	0	0
220610-UC-135.01	0.00216846358539882	0	0.0357234015357053	0	0.805355474962345	0	0	0.152544355984246	0	0.000302324714774863	0	0.00150140583997586	0	0	0	0	0	0	0	0	8.21425666386581e-06	0	0	0.000194938334974181	0	0	0	0	0	0	0	0	0.000181615211360838	0	0	0	0	0	0	0	0	0.000111693855856224	0	0	2.00347723508922e-06	0.00055305989074638	0	0	0	0	0.00110842378031311	3.56618947845881e-05	0
EP-SM-24S-UC1-2	0.9522866	0	0	0	0	0	0	0	0	0	0	0	0	0	0	0	0	0	0	0	0	0	0	0	0	0	0	0	0	0	0	0	0	0	0	0	0	0	0	0	0	0	0	0	0	0.0476526999999999	0	0	0	0	0	0	0
EP-SM-24S-UC3-4	0.455695502759151	0.00242580518166208	0.126580184556759	0	0	0	0.00258589937627165	0	0	9.87407308070968e-05	0	0	0	0	0	0.00136852309537173	0.035775992964803	0	0.00827685920967157	0.000268314887705481	0.00309920205346626	0.00730297948823759	0.00869174070534961	3.80263655859045e-05	0	0.00195936973376102	0.00259282294423547	0.0556159562890658	0.00149463854874347	0	0.00330392663233502	0	0.00353751716379119	0.00316833121667425	0.0119891698354418	8.60652756117953e-05	0.0142062028138872	0	0	0.000106090364491768	0.000180971414931133	0.000757864400962678	0.000684048514825334	0.00324321226711372	0	0	0.00050254451774303	0.000127074101243548	0	0	0	0	0
EP-SM-24S-UC3-1	0	0.000451238738105537	0.0117234876016047	0	0	0	1.74391782842762e-05	0	0	0.00260738661637137	0.000755850700899971	1.28499208410446e-05	0.056591625041146	0.00234166861040843	0.0458765120312551	0.00196672627729637	0.000408788106755654	0	0.00039467614011772	0.00106367514390467	0.00080369370974565	0.0500176284851541	0.00731389958727666	0.0101928555128513	0	0.00111553375301317	0.0184132481766021	0.00840969953328406	0.293314473014996	0.00681286740591196	0.00322418281674157	0.00243207698203996	0.0467008573994954	0.0165706613131449	0.000534648492136254	0.00182067315916556	0.022664736272011	2.75355446593764e-06	0.00244963089176032	8.79990114739462e-05	0	0.00634269798085298	0.000335359987663964	0.0115588479908289	0.0134841562197003	0	0.00246638168142822	0	0	0	4.55483801240632e-05	0	0.00978074019444921
EP-SM-24S-UC2-2	0.246258980809495	0.255685876482152	0.0451362174506941	0	0	0	0.00407024094788511	0	0	0	0	0	0	0	0	0	0	0	0	0	0	0	0	0	0	0	0	0	0	0	0	0.00123693245578412	0	0	0	0	0	0	0	0	0.0050058603182534	0	0	0	0.0862748067865041	0	0	0	0	0.242084748629861	0	0	0
220610-UC-131.01	0.9773980045204	0	0.0103644979271003	0	0	0	0	0.00408409918318007	0	0	0	0	0	0	0	0	0	0	0	0	0	0	0	0	0	0	0	0	0	0	0	0.00512549897490011	0	0	0	0	0	0	0	0	0	0	0	0	0	0	0	0	0	0	0	0	0
220610-UC-136.01	0	0	0.000483214642760207	0.00377531481100969	0	0	8.73190319229989e-05	0	0	0.00258960128995359	0	0.00384647735538774	0	0.00136133824063005	0.033634477105764	0	0	0	0	0	0.0140248178448529	0.0165332667011832	0	0.0110877904066971	0.00195481166098794	0.0115712517133894	0.00496411163121574	0	0.0227318079800223	0.00232505422289874	0.00228657464950894	0	0.00119693672996134	0	0	0.00727781931324326	0.00180348333871461	0	0.0250795552846639	0	0	0.00250314558179267	0.000305246615832398	0.00162082869707906	0.0252860129957361	0	0.000419205352409872	0	0	0.000281690210327747	0	0.00558940469879994	0
220610-LD-312.07	0.742508060339286	0	0.0098906141159383	0	0	0	0.000148108358839115	0.107415011438091	0	0	0	0	0	0	0	0	0	0	0	0	0	0	0	0	0	0	0	0	0	0	0	0	0	0	0	0	0	0	0	0	0	0	0	0	0	0.00168026379510686	0	0	0	0	0	0	0
210226-UC-039.01	0.00165612396433997	0.000961723433954412	0.00055887527349663	0	0.0238322096141726	0.0100903745782309	0.000808758286444088	0	0	0.0292935579573498	0.00807520187339047	0.00811088042824924	0.00335405041459682	0	0.0024083024529671	0.00584822103130999	0.000808358899635967	0.00767395126016517	0.00362776350709548	0.0128735681150873	0.0208024612877697	0.0529941030537786	0.000504292409720148	0.00279384385173952	0.00419049951973741	0.000318843801816148	0.10373353444678	0.0063840649988718	0.00205471199884433	0.0149256175352111	0.000914196403787927	0	0.000474471528047143	0	0	0.0578124386358816	0.00974383995771821	0.000137655319865435	0.00104998791854893	0.00293030101118086	0	0.0190731164086074	0	0.00109471924105844	0.000373692923464844	0.00587631123681434	0	0	0	0	0.000591225604954399	0.00312852999694459	0
210226-UC-034.05	0.9888301	0	0	0	0	0	0	0	0.0111698999999999	0	0	0	0	0	0	0	0	0	0	0	0	0	0	0	0	0	0	0	0	0	0	0	0	0	0	0	0	0	0	0	0	0	0	0	0	0	0	0	0	0	0	0	0
210226-UC-041.02	0.00180367157609932	0.00119369900032217	0.000392490154687904	0.391557915438508	0	5.67998769035469e-05	0	0.0532647607553121	0	0.0585508558248826	0	0	0	0.0344539838852639	0	0.0075198228565108	0	0	0	0	0	0	0.0125353421456289	0	0	0.00141649075734762	0	0	0	0.0477763098632636	0	0	0	0.00162455662036125	0	0	0.00863828956837705	0.13947034465404	0	0	0.000798804618040363	0	0	0	0.00139785799349577	0.000619990190751318	0	6.46136165834001e-05	0.000206062340018589	0	0	0	0
210226-UC-033.02	0	0.00596739280000483	0.0120224545456413	0.00848694438682572	0	0	0	0	0	0.00325414803755056	0.135926785263197	0.031040454533319	0.00336594840599118	0.0292723143780153	0.0119102691013048	0	0	0	0.111961330165101	0.00913181815381271	0	0.0106897068699594	0.00066862011390019	1.29642218283607e-05	0	0.0291896514190305	0	0.0293531803161526	0.000198314086384205	0	0.00155326780539587	0.000186248374979592	0.0205684439031705	0	0.018909536943668	0.0027622777598645	0.0258799240938395	0	0.00299319493876768	0	0	0.00198070204983589	0	0	0	0	0.00495400140064929	0	0	0	0.00769317460676053	0.109292625847938	0
220418-UC-127.01	0	0	0	0	0	0.241240024124002	0	0.164733716473372	0	0	0	0	0	0	0	0	0	0	0	0	0	0	0	0	0	0	0	0	0	0	0	0	0	0	0	0	0	0	0	0	0.228961222896122	0	0	0	0	0	0	0	0	0	0	0	0
210226-UC-038.02	0.629030134408622	0.00150406577932596	0	0.0481243185082623	0	0	0.000380584679177369	0.020325495833618	0	0	0	0	0	0	0	0	0	0	0	0	0	0	0.0181307130211834	0	0	0	0	0	0	0	0.0268729938471974	0	0	0.00245699946389222	0	0.02735204935561	0.0297767666301241	0	0	0.000269018244817262	0.0261209609575343	0	0	0	0	0.00489186837028647	0	0	0	0	0	0	0
220418-LD-312.05	0.9655855	0	0.0003318999999999	0	0	0	0	0.0008569	0	0	0	0	0	0	0	0	0	0	0	0	0	0	0	0	0	0	0	0	0	0	0	1.02999999999997e-05	0	0	0	0	0	0	0	0	0.0302983	0	0	0	0	0.0010818999999999	0	0	0	0	0	0	0
220418-LD-318.01	0	0	0.0611969	0	0	0	0	0.0153803	0	0	0	0	0	0	0	0	0	0	0	0	0	0	0.0032909	0	0	0	0	0	0	0	0	0	0	0.0028487	0	0	0	0.0038612	0	0	0	0	0	0	0	0	0	0.5533145	0	0	0	0	0
220418-UC-128.01	0	0.00132658006567118	0.000548636338415429	0.0399948399489026	0	0	0	0	0	0.0231761714325403	0.0134354322577599	0.0550773239497605	0.0517885531935374	0.0484745154548232	0.00535710816719027	0	0.168442529232567	0.00709418147102334	0.030903932012264	0.00444927437416278	0.0109398416001441	0.0041150899625197	0.00154941199668699	0.0155409718087769	0.0339512062825656	0.0032643925620605	0.000119859454631864	0.0037558925079079	0.00356467604744647	5.72633623294168e-05	0	0	0.00130626490386917	0	0	0	0	0	4.29157793067475e-05	0	0	0	0	0.00849364217965949	0	0	0	0	0	0	0.011301959359265	0	0.0790419775997414
220418-LD-279.08	0	0	0.00118950023790005	0	0	0	0	0.00143670028733996	0.99643989928798	0	0	0	0	0	0	0	0	0	0	0	0	0	0	0	0	0	0	0	0	0	0	0	0	0	0	0	0	0	0	0	0	0	0	0	0	0	0	0	0	0	0	0	0
220418-UC-128.03	0.0104885251726381	0.0279345457138648	0.00178648003204675	0.13299881141829	0	0	0.00302525257753455	0.000281173240045198	0	0.0927759808413221	0	0	0	0	0	0	0	0	0	0	0.00652815460115594	0	0.0062702991865215	0.137270156038078	0	0.021454490662884	0	0	0	0.00895519516444769	0	0.000273958307518933	0.0500763371230551	0	0	0	0.066372778415097	0	0	6.84895768797586e-05	0	0	0	0	0	0.00079311975669146	0	0	0.014529619337023	0	0.173098047064156	0	0.00011826215488693
210630-LD-011.04	0	0.0104904697662919	9.31576040948393e-05	0.0360193675461998	0.00926446349602223	0	0.000108014635782278	0.00882226603261946	0	0.028692341290512	0.00801597090752275	0.0200783748575658	0.00931244769295901	0.0311180528695505	0.00672401146280229	0.0141156858834007	0.00770196553509963	0.00203270293676326	0.00298556067175066	0.00962494728514353	0.00102583788388477	0.000412081858630627	0.00025819111824551	0.00398539875018224	0.00795744624891575	0.000812820172797221	0	0.00105625464470453	4.10576078392121e-05	0.000152886886892615	0	0	0.000613956795952526	0	0	0.00636794462904756	0.000677299951323047	0.0410096236422758	0	0.000172562415343681	0.0106585148409199	0.00567357916835359	6.45477795614021e-05	0.00446624457304256	0.00147174960520942	0	0.000286499786731227	0.153742270453591	0.0160434861302081	0	0.0178947927408946	0.0015655095213997	0
210630-LD-020.01	0.0169089339688404	0.000852665640706292	0	0.000184000482663483	0.00618437728843723	0	3.73203806598776e-05	0	0	0.218371852868852	9.52520171265526e-05	9.00491758549337e-05	0	0	0	0	0	0	0.00314011481670141	0	0	0	0.00398497619550037	0	0	0	0	0.000529689263306593	0	0	0.00380487784379051	0	0.00305616897387664	0.000430134896666971	0	0.0032524761772403	0	0.00172724324753739	0.000977833995144651	0	0.00150852380484973	0	0.00340125742668072	0	0.184513562856676	0	0	0.000113762125496634	0.0110862542034205	0.000578015654348742	0	0	0
210630-UC-058.03	0.158965684679072	0	0.000572813712023252	0	0	0	0	0.0241893971604328	0	0	0	0	0	0	0	0	0	0	0	0	0	0	0.0127867260428493	0	0	0	0	0	0	0	0	0	0	0	0	0	0	0	0	0	0	0	0	0	0.409850490858692	0	0	0.000370662048218796	0.000125242835319452	0	0	0	0
220614-LD-330.05	0.9759834	0	0.0033702999999999	0	0.0004927999999999	0	0	0	0	0	0	0	0	0	0	0	0	0	0	0	0	0	0	0	0	0	0	0	0	0	0	0	0	0	0	0	0	0	0	0	0	0	0	0	0	0	0	0	0	0	0	0	0
220614-LD-317.11	0.886376288637629	0	0.100886110088611	0	0	0	0	0.0110676011067601	0	0	0	0	0	0	0	0	0	0	0	0	0	0	0	0	0	0	0	0	0	0	0	0	0	0	0	0	0	0	0	0	0	0	0	0	0	0.000190200019019902	0	0	0	0	0	0	0
220614-LD-315.05	0.0625389120260176	0.507822401077624	0.0077714288921975	0	0	0	0.000932735861132622	0.00214614452303617	0	0	0	0	0	0	0	0	0	0	0	0	0	0	0.0135983967167698	0	0	0	0	0	0	0	0	0.000333800152345087	0	0	0	0.000116679692891731	0.0313475431957947	0	0	0.032235672129662	0	0	0	0	0	0.000144446252110835	0	0.00831783869112651	0.13155184292267	0	0	0	0
220614-LD-330.08	0.98626269862627	2.91000029099999e-05	0.000762000076200008	0	0	0	0	0.00351060035105994	0	0	0	0	0	0	0	0	0	0	0	0	0	0	0	0	0	0	0	0	0	0	0	0.00670130067013007	0	0	0	0	0	0	0	0	0.00126500012649991	0	0	0	0	0	0	0	0	0	0	0	0
220614-LD-315.04	0.0158023910044155	0.0134904741770031	0.00628908833515314	0.0176375133137076	0.0246855890211137	0	0.0114887548549487	0	0	0	0	0	0	0	0	0	0	0	0	0	0	0	0	0	0	0	0	0	0	0	0	0	0	0	0	0	0.00355137816101224	0.0322777112922829	0	0	0	0	0	0	0.108608374269695	0	0	0	0.0512130459974354	0	0	0	0
220107-UC-110.01	0	0.000548799999999901	0	0.1270051	0	0	0	0	0	0.219988	0	0	0	0	0.0240556	0	0	0	0	0	0	0	0.00576070000000001	0.0706432000000001	0	0	0	0.1120673	0	0	0	0	0.0022714999999999	0.0012580999999999	0	0	0.00991320000000001	0.0045785999999999	0.00849290000000001	0	0	0	0.0287032	0.0741093	0.0205384	0	0	0	0	0	0	0	0.0660356
220107-UC-106.01	0.567814102939001	0	0.000291560735799423	0	0	0	0	0.0550389693715017	0.0175682544542568	0	0	0	0	0	0	0	0	0	0	0	0.0529343996945063	0	0.00947755154346578	0	0	0.0186993423972313	0.026746612219061	0	0.000188998441569057	0.00765497442178088	0.00121999676617001	0.000335531362990429	0.00687457641987499	0	0	0	0.0295410584600777	0	0	0	0.00608600783687736	0	0	0.00511671890104825	0	0.00067149275656474	0.00139985705783385	0	0.0360533341131221	0	0	0	0
220107-UC-108.01	0	0.0475205845663386	0.232844183173546	0.0154623477655907	1.6164197208371e-06	0	0.000174788852479826	0	0	0.0813505251424394	0.0619400183280448	0	0.00670997378382739	0.0131973126914379	0.0441255643460054	0.0625018858230079	0.00744943192545335	0	0.00568214636400396	3.22206331020341e-05	0	0.00336075212225135	0.00500357336519612	0	0	0	0.00330967325907287	0.0108491936436343	0	0	0.00599950343586179	0	0.0158843410740442	0.000269834332065092	0.00241978032209416	0.0837900257851278	0.00328618129246336	0	0	0	0	0	0.000349685466274482	0.00322518838833031	0.0311157563421846	0	0.00646901948410783	0	0	0	0.00981048233102385	0	0
210305-UC-036.01	0.051738829192578	4.90111108188171e-06	0.00232792774121894	0.00794810183468593	0	0.00188732785722514	0.00381386460310543	0.846096710124186	0	0.000102923332719428	0	0	0	0	0.000381186414960172	0	0	0	0	0	0	0	0	0	0	0	0	0	0	0	0	0.00119527096792833	1.91043309518265e-05	0	0	0.00756931596392903	0	0	0	0	0.071602432271396	0	0	0	0.0010876465694772	0	0	0	0	0	0	0	0
210305-UC-036.04	0.509251847826915	0.0529464125189749	0	0	0	0	0.00656184268955658	0.114199887642834	0	0	0	0	0	0	0	0	0	0	0	0	0	0	0.0063357068751294	0	0	0	0.00467757777810692	0	0	0	0	0	0	0	0	0.000937377497254038	0.00476396786569025	0	0	0.00262243467487887	0.138625758941424	0	0	0	0	0	0	0	0.00686135502101593	0.0360543975257399	0	0	0
210305-UC-031.03	0.967581	0	0.0234807	0	0	0	0	0	0.0003220999999999	0	0	0	0	0	0	0	0	0	0	0	0	0	0	0	0	0	0	0	0	0	0	0.0072748999999999	0	0	0	0	0	0	0	0	0	0	0	0	0	0	0	0	0	0	0	0	0
211004-UC-082.02	0	0	0.00350013875658856	0	0	0	0.0366087910041458	0.89582177663063	0	0	0	0	0	0	0	0	0	0	0	0	0	0	0	0	0	0	0	0	0	0	0	0.00233637054396127	0	0	0	0	0	0	0	0	0	0	0	0	0	0.0307383668110892	0	0	0	0	0	0	0
